season,season_type,player_id,player_name,team,position,height_m,weight_kg,country,age_completed_years,birthdate,experience,minutes_played,wins,losses,one_point_made,one_point_attempted,two_point_made,two_point_attempted,three_point_made,three_point_attempted,offensive_rebounds,defensive_rebounds,assists,turnovers,steals,blocks,personal_fouls
2025-26,Regular Season,1630639,A.J. Lawson,TOR,G,1.981,81.2,Canada,25.0,2000-07-15,4,226.115,12,12,14,18,15,33,19,45,9,34,7,6,12,4,27
2025-26,Regular Season,1631260,AJ Green,MIL,G,1.93,86.2,USA,26.0,1999-09-27,4,2269.9333333333334,31,47,53,62,30,64,232,554,29,184,152,75,39,8,179
2025-26,Regular Season,1642358,AJ Johnson,DAL,G,1.956,72.6,USA,21.0,2004-12-01,2,453.43333333333334,9,39,34,40,45,119,12,57,14,41,47,30,11,3,30
2025-26,Regular Season,203932,Aaron Gordon,DEN,F,2.032,106.6,USA,30.0,1995-09-16,12,1004.9583333333334,27,9,125,163,137,241,61,157,51,158,96,38,21,10,62
2025-26,Regular Season,1628988,Aaron Holiday,HOU,G,1.829,83.9,USA,29.0,1996-09-30,8,780.7316666666667,38,19,35,41,38,82,67,170,13,45,60,38,27,5,72
2025-26,Regular Season,1630174,Aaron Nesmith,IND,G-F,1.956,97.5,USA,26.0,1999-10-16,6,1334.95,10,35,92,111,107,235,105,277,48,139,86,63,26,23,124
2025-26,Regular Season,1630598,Aaron Wiggins,OKC,G,1.956,86.2,USA,27.0,1999-01-02,5,1413.98,50,15,53,72,135,266,96,270,41,158,109,81,60,28,83
2025-26,Regular Season,1642846,Ace Bailey,UTA,F,2.057,90.7,USA,19.0,2006-08-13,1,1987.6433333333334,19,53,66,88,258,494,137,398,104,198,131,107,60,49,193
2025-26,Regular Season,1642380,Adama Bal,MEM,G,2.007,86.2,France,22.0,2003-12-18,1,241.315,1,7,9,10,10,24,18,44,6,19,19,6,9,1,27
2025-26,Regular Season,1641737,Adem Bona,PHI,F,2.083,106.6,Nigeria,23.0,2003-03-28,2,1234.1616666666666,41,30,80,113,129,214,2,6,128,179,32,56,30,82,153
2025-26,Regular Season,1642876,Adou Thiero,LAL,G,2.007,99.8,USA,22.0,2004-05-08,1,148.90333333333334,15,10,14,22,15,28,1,3,9,19,10,9,7,2,19
2025-26,Regular Season,1642349,Ajay Mitchell,OKC,G,1.93,86.2,Belgium,24.0,2002-06-25,2,1472.7983333333334,50,7,141,162,225,414,61,176,40,150,206,81,71,18,119
2025-26,Regular Season,201143,Al Horford,GSW,C-F,2.032,108.9,Dominican Republic,40.0,1986-06-03,19,969.185,22,23,22,26,64,119,74,205,44,175,116,42,30,51,51
2025-26,Regular Season,1630828,Alex Antetokounmpo,MIL,F,2.032,97.1,Greece,24.0,2001-08-27,1,20.638333333333332,2,4,11,15,1,1,2,7,2,4,1,1,0,1,1
2025-26,Regular Season,1627936,Alex Caruso,OKC,G,1.956,84.4,USA,32.0,1994-02-28,9,1020.3466666666667,47,9,41,51,74,119,53,181,28,127,110,48,72,17,68
2025-26,Regular Season,1631457,Alex Morales,ORL,G,1.981,95.3,USA,28.0,1997-11-21,1,23.583333333333332,3,1,2,2,3,6,0,1,1,2,4,4,0,0,7
2025-26,Regular Season,1642259,Alex Sarr,WAS,C,2.134,93.0,France,21.0,2005-04-26,2,1304.6616666666666,11,37,101,146,266,506,50,150,105,250,130,82,39,95,105
2025-26,Regular Season,1642918,Alijah Martin,TOR,G,1.88,95.3,USA,24.0,2001-12-26,1,145.615,10,13,15,19,12,29,4,21,9,12,12,8,8,4,12
2025-26,Regular Season,1631214,Alondes Williams,WAS,G,1.93,95.3,USA,27.0,1999-06-19,4,100.78333333333333,2,2,7,8,11,12,5,14,5,20,12,5,3,3,4
2025-26,Regular Season,1630578,Alperen Sengun,HOU,C,2.108,110.2,Turkey,23.0,2002-07-25,5,2397.695,46,26,260,376,543,992,40,131,215,425,445,227,85,77,238
2025-26,Regular Season,1642873,Amari Williams,BOS,F-C,2.108,113.4,United Kingdom,24.0,2002-01-28,1,145.72333333333333,15,7,10,14,10,20,0,0,9,31,10,11,3,10,19
2025-26,Regular Season,1641708,Amen Thompson,HOU,G-F,2.007,90.7,USA,23.0,2003-01-30,3,2953.15,49,30,304,390,532,928,25,116,235,379,420,190,119,48,175
2025-26,Regular Season,1629599,Amir Coffey,PHX,G-F,2.007,95.3,USA,29.0,1997-06-17,7,490.50166666666667,20,26,22,28,38,64,17,49,19,38,27,9,9,5,30
2025-26,Regular Season,1643158,Andersson Garcia,UTA,F,2.007,99.8,Dominican Republic,25.0,2000-08-23,1,168.75,1,4,7,9,8,16,1,13,17,25,14,7,8,4,16
2025-26,Regular Season,203083,Andre Drummond,PHI,C,2.108,126.6,USA,32.0,1993-08-10,14,1230.7483333333332,33,30,53,84,127,247,32,90,200,332,80,61,38,49,125
2025-26,Regular Season,1641748,Andre Jackson Jr.,MIL,G,1.981,94.8,USA,24.0,2001-11-13,3,408.10833333333335,12,36,20,32,24,59,15,60,25,47,43,31,19,4,43
2025-26,Regular Season,1629614,Andrew Nembhard,IND,G-F,1.93,86.6,Canada,26.0,2000-01-16,4,1785.5933333333332,13,44,193,234,226,457,107,296,25,135,437,137,51,8,126
2025-26,Regular Season,203952,Andrew Wiggins,MIA,F,1.981,89.4,Canada,31.0,1995-02-23,12,2062.5983333333334,35,33,127,162,252,488,138,333,115,214,182,103,76,69,156
2025-26,Regular Season,1629014,Anfernee Simons,CHI,G,1.905,90.7,USA,27.0,1999-06-08,8,1371.9333333333334,31,24,69,77,139,269,146,379,31,104,134,68,27,8,94
2025-26,Regular Season,1641710,Anthony Black,ORL,G,2.007,90.7,USA,22.0,2004-01-20,3,1910.05,36,28,169,231,245,472,100,300,47,197,236,132,91,45,170
2025-26,Regular Season,203076,Anthony Davis,WAS,F-C,2.083,114.8,USA,33.0,1993-03-11,14,625.63,10,10,59,81,159,297,10,37,62,159,56,41,22,33,42
2025-26,Regular Season,1630162,Anthony Edwards,MIN,G,1.93,102.1,USA,24.0,2001-08-05,6,2136.5933333333332,37,24,348,437,397,717,205,514,36,266,226,174,83,49,118
2025-26,Regular Season,1630264,Anthony Gill,WAS,F,2.007,104.3,USA,33.0,1992-10-17,6,950.9466666666667,6,49,34,46,118,167,17,48,58,100,69,36,31,21,88
2025-26,Regular Season,1641810,Antonio Reeves,CHA,G,1.956,93.0,USA,25.0,2000-11-20,2,67.67666666666666,4,6,0,0,3,7,7,13,2,6,3,1,1,0,3
2025-26,Regular Season,1630574,Ariel Hukporti,NYK,C,2.134,111.6,Germany,24.0,2002-04-12,2,497.96166666666664,35,19,26,33,44,76,1,4,56,103,29,32,9,26,67
2025-26,Regular Season,1642854,Asa Newell,ATL,F,2.083,99.8,USA,20.0,2005-10-05,1,499.90833333333336,23,21,16,29,62,94,29,75,44,52,26,23,16,15,65
2025-26,Regular Season,1641709,Ausar Thompson,DET,G-F,2.007,93.0,USA,23.0,2003-01-30,3,1895.61,53,20,109,191,297,553,6,24,150,268,228,110,146,69,198
2025-26,Regular Season,1630559,Austin Reaves,LAL,G,1.956,89.4,USA,28.0,1998-05-29,5,1761.65,36,15,323,371,255,434,118,328,33,207,280,151,56,20,110
2025-26,Regular Season,1630245,Ayo Dosunmu,MIN,G,1.93,91.2,USA,26.0,2000-01-17,5,1881.0433333333333,36,33,127,145,263,467,123,280,47,190,249,96,58,18,130
2025-26,Regular Season,1628389,Bam Adebayo,MIA,C-F,2.057,115.7,USA,28.0,1997-07-18,9,2364.685,37,36,329,423,379,745,127,400,149,583,232,120,86,49,122
2025-26,Regular Season,1631248,Baylor Scheierman,BOS,G,1.981,93.0,USA,25.0,2000-09-26,2,1429.3033333333333,54,23,28,31,54,90,97,243,57,212,116,46,42,6,108
2025-26,Regular Season,1642879,Ben Saraf,BKN,G,1.981,90.7,Israel,20.0,2006-04-14,1,916.3183333333334,10,34,73,88,101,213,19,90,20,72,145,99,38,8,81
2025-26,Regular Season,1641767,Ben Sheppard,IND,G,1.981,86.2,USA,24.0,2001-07-16,3,1390.4766666666667,16,49,39,51,84,155,84,232,43,152,114,41,39,6,114
2025-26,Regular Season,1631097,Bennedict Mathurin,LAC,G-F,1.956,95.3,Canada,24.0,2002-06-19,4,1620.015,22,32,292,336,216,439,75,238,55,238,129,118,43,13,137
2025-26,Regular Season,1643016,Bez Mbeng,UTA,G,1.93,83.9,USA,23.0,2003-05-02,1,492.185,2,13,16,25,44,69,6,31,18,39,62,22,34,5,46
2025-26,Regular Season,1641731,Bilal Coulibaly,WAS,G,2.007,88.5,France,21.0,2004-07-26,3,1467.605,14,42,132,177,165,337,65,204,48,195,145,81,75,54,130
2025-26,Regular Season,202687,Bismack Biyombo,SAS,C,2.032,115.7,DRC,33.0,1992-08-28,15,141.35333333333332,20,5,5,7,9,15,0,0,5,21,5,8,4,2,27
2025-26,Regular Season,1642396,Blake Hinson,UTA,F,2.032,104.3,USA,26.0,1999-12-26,1,285.43333333333334,4,10,12,16,22,36,37,79,11,22,16,5,5,2,24
2025-26,Regular Season,1631104,Blake Wesley,POR,G,1.93,86.2,USA,23.0,2003-03-16,4,360.8183333333333,20,11,26,47,46,88,10,36,8,31,62,31,16,5,34
2025-26,Regular Season,1626171,Bobby Portis Jr.,MIL,F,2.057,113.4,USA,31.0,1995-02-10,11,1619.3133333333333,26,41,48,68,231,454,135,296,89,339,105,66,41,12,110
2025-26,Regular Season,1641752,Bobi Klintman,DET,F,2.057,102.1,Sweden,23.0,2003-03-06,2,71.38333333333334,8,4,0,3,5,14,4,13,5,14,6,6,3,0,11
2025-26,Regular Season,203992,Bogdan Bogdanović,LAC,G,1.956,102.1,Serbia,33.0,1992-08-18,9,452.06,8,15,20,25,26,57,33,95,6,53,51,27,10,3,46
2025-26,Regular Season,1630538,Bones Hyland,MIN,G,1.88,76.7,USA,25.0,2000-09-14,5,1176.9183333333333,42,29,64,82,96,169,116,299,23,104,188,70,44,17,120
2025-26,Regular Season,203078,Bradley Beal,LAC,G,1.93,93.9,USA,33.0,1993-06-28,14,120.91666666666667,2,4,6,8,11,29,7,19,2,3,10,9,3,0,14
2025-26,Regular Season,1642382,Branden Carlson,OKC,C,2.134,99.8,USA,27.0,1999-06-14,2,488.2033333333333,32,10,15,26,67,100,31,86,29,95,29,16,8,27,36
2025-26,Regular Season,1641764,Brandin Podziemski,GSW,G,1.93,93.0,USA,23.0,2003-02-25,3,2332.673333333333,37,45,192,241,241,454,153,412,72,347,304,131,88,15,136
2025-26,Regular Season,1629634,Brandon Clarke,MEM,F,2.032,97.5,Canada,29.0,1996-09-19,7,20.438333333333333,1,1,2,4,3,9,0,0,4,2,1,0,2,0,5
2025-26,Regular Season,1627742,Brandon Ingram,TOR,F,2.032,86.2,USA,28.0,1997-09-02,10,2603.8633333333332,43,34,292,356,479,935,135,353,63,367,284,187,58,55,148
2025-26,Regular Season,1641706,Brandon Miller,CHA,F,2.007,90.7,USA,23.0,2002-11-22,3,1968.3116666666667,41,24,199,223,250,511,204,533,70,249,217,163,66,44,180
2025-26,Regular Season,1630314,Brandon Williams,DAL,G,1.854,86.2,USA,26.0,1999-11-22,5,1462.645,23,43,241,304,255,462,36,155,30,161,256,125,62,20,103
2025-26,Regular Season,1641729,Brice Sensabaugh,UTA,F,1.981,106.6,USA,22.0,2003-10-30,3,1761.8666666666666,18,57,166,201,232,415,162,442,56,175,143,124,54,12,143
2025-26,Regular Season,1642355,Bronny James,LAL,G,1.88,95.3,USA,21.0,2004-10-06,2,375.4916666666667,24,18,6,7,25,58,22,57,5,18,51,25,19,4,28
2025-26,Regular Season,201572,Brook Lopez,LAC,C,2.159,127.9,USA,38.0,1988-04-01,18,1635.2733333333333,41,34,56,74,118,225,114,317,47,226,97,61,45,87,154
2025-26,Regular Season,1642964,Brooks Barnhizer,OKC,G,1.956,104.3,USA,24.0,2002-03-02,1,347.88166666666666,29,11,7,10,20,47,7,24,19,59,22,10,11,5,27
2025-26,Regular Season,1628971,Bruce Brown,DEN,G-F,1.93,91.6,USA,29.0,1996-08-15,8,1997.7883333333334,54,28,96,126,191,374,57,148,85,233,174,91,85,20,195
2025-26,Regular Season,1631121,Bryce McGowens,NOP,G,1.981,86.2,USA,23.0,2002-11-08,4,879.9333333333333,14,28,74,95,76,144,38,93,12,76,62,17,27,8,88
2025-26,Regular Season,1642267,Bub Carrington,WAS,G,1.93,86.2,USA,20.0,2005-07-21,2,2270.65,17,65,81,111,145,327,169,414,33,243,381,191,52,17,184
2025-26,Regular Season,1631205,Buddy Boeheim,OKC,F,1.956,93.0,USA,26.0,1999-11-11,4,15.003333333333334,2,2,0,0,0,0,2,6,0,0,0,0,0,0,1
2025-26,Regular Season,1627741,Buddy Hield,ATL,G,1.93,99.8,Bahamas,33.0,1992-12-17,10,819.2716666666666,25,26,30,37,69,115,74,212,27,89,71,48,39,9,57
2025-26,Regular Season,1643047,CJ Huntley,PHX,F,2.108,104.3,USA,24.0,2002-01-06,1,40.4,3,1,0,0,6,8,0,3,2,3,2,0,1,0,2
2025-26,Regular Season,203468,CJ McCollum,ATL,G,1.905,86.2,USA,34.0,1991-09-19,13,2263.3716666666664,37,39,183,237,334,644,191,510,62,190,293,135,64,35,144
2025-26,Regular Season,1630595,Cade Cunningham,DET,G,1.981,99.8,USA,24.0,2001-09-25,5,2171.6716666666666,47,17,310,382,423,823,125,366,56,299,634,236,92,54,196
2025-26,Regular Season,1631216,Caleb Houstan,ATL,G,2.032,93.0,Canada,23.0,2003-01-09,4,75.46666666666667,12,6,3,3,3,5,11,21,5,6,4,4,2,1,11
2025-26,Regular Season,1631126,Caleb Love,POR,G,1.905,96.2,USA,24.0,2001-09-27,1,1012.6083333333333,24,25,36,49,97,198,93,292,25,89,123,62,27,4,48
2025-26,Regular Season,1628997,Caleb Martin,DAL,F,1.956,93.0,USA,30.0,1995-09-28,7,856.2116666666667,20,38,37,61,65,132,20,57,28,115,81,40,40,15,86
2025-26,Regular Season,1642353,Cam Christie,LAC,G,1.956,86.2,USA,20.0,2005-07-24,2,479.75,26,29,38,50,41,90,12,49,19,59,31,22,16,3,19
2025-26,Regular Season,1642285,Cam Spencer,MEM,G,1.905,93.0,USA,26.0,2000-04-06,2,1714.4516666666666,23,49,126,134,117,231,146,325,40,143,400,93,52,11,103
2025-26,Regular Season,1630560,Cam Thomas,MIL,G,1.905,95.3,Japan,24.0,2001-10-13,5,880.5266666666666,12,30,137,169,137,293,52,168,11,60,108,74,9,4,43
2025-26,Regular Season,1641715,Cam Whitmore,WAS,F,1.981,104.3,USA,21.0,2004-07-08,3,353.98333333333335,3,18,23,31,61,113,16,56,19,39,15,18,15,8,25
2025-26,Regular Season,1629661,Cameron Johnson,DEN,F,2.032,95.3,USA,30.0,1996-03-03,7,1647.0316666666668,37,17,94,112,118,219,110,256,43,163,132,47,40,21,125
2025-26,Regular Season,1626166,Cameron Payne,PHI,G,1.88,83.0,USA,31.0,1994-08-08,11,374.33666666666664,12,10,19,22,24,52,32,97,3,41,58,11,24,7,30
2025-26,Regular Season,1627747,Caris LeVert,DET,G,2.007,93.0,USA,31.0,1994-08-25,10,1154.415,44,16,57,84,103,211,60,180,23,94,159,82,51,41,91
2025-26,Regular Season,1642868,Carter Bryant,SAS,F,1.981,99.8,USA,20.0,2005-11-26,1,817.865,56,15,30,42,56,110,52,155,38,140,47,33,16,23,94
2025-26,Regular Season,1641717,Cason Wallace,OKC,G,1.905,88.5,USA,22.0,2003-11-07,3,2046.07,61,16,55,68,151,296,101,288,63,175,200,73,150,28,154
2025-26,Regular Season,1642907,Cedric Coward,MEM,G,1.956,93.4,USA,22.0,2003-09-11,1,1597.9466666666667,20,42,140,166,212,373,93,275,83,281,171,105,40,27,126
2025-26,Regular Season,1643052,Chaney Johnson,BKN,G-F,2.007,99.8,USA,24.0,2002-06-20,1,347.5833333333333,4,13,28,35,42,64,9,30,33,46,36,20,15,9,51
2025-26,Regular Season,1629646,Charles Bassey,GSW,C-F,2.083,104.3,Nigeria,25.0,2000-10-28,5,152.70333333333335,4,9,14,20,31,47,0,0,23,34,7,6,4,11,19
2025-26,Regular Season,1642404,Chaz Lanier,DET,G,1.905,93.4,USA,24.0,2001-12-19,1,262.005,28,6,5,6,9,22,19,67,8,15,17,3,7,0,12
2025-26,Regular Season,1631096,Chet Holmgren,OKC,C-F,2.159,94.3,USA,24.0,2002-05-01,4,1997.2683333333334,56,13,225,284,346,536,88,243,130,484,115,107,43,131,158
2025-26,Regular Season,1628449,Chris Boucher,BOS,F,2.032,90.7,Saint Lucia,33.0,1993-01-11,9,94.15,4,5,3,4,6,10,2,15,2,16,3,1,5,7,17
2025-26,Regular Season,1641753,Chris Livingston,CLE,F,1.981,99.8,USA,22.0,2003-10-15,3,17.426666666666666,2,1,1,1,4,4,0,3,0,3,1,0,1,0,4
2025-26,Regular Season,1643024,Chris Mañon,LAL,G,1.93,94.8,USA,24.0,2001-12-09,1,46.085,4,5,3,4,2,3,0,3,2,8,3,1,5,2,6
2025-26,Regular Season,101108,Chris Paul,LAC,G,1.829,79.4,USA,41.0,1985-05-06,21,227.535,4,12,1,2,8,26,10,30,6,22,53,16,11,0,23
2025-26,Regular Season,1642959,Chris Youngblood,POR,G,1.93,,USA,24.0,2002-02-09,1,185.09166666666667,29,5,9,10,4,9,18,54,7,21,12,2,4,3,22
2025-26,Regular Season,1631128,Christian Braun,DEN,G,1.981,99.8,USA,25.0,2001-04-17,4,1399.1383333333333,29,15,79,101,159,246,43,143,61,150,120,43,30,12,103
2025-26,Regular Season,1631132,Christian Koloko,ATL,C,2.108,102.1,Cameroon,26.0,2000-06-20,4,356.66833333333335,16,11,10,15,30,65,1,9,31,50,18,16,14,23,48
2025-26,Regular Season,1642935,Chucky Hepburn,TOR,G,1.829,86.2,USA,23.0,2003-02-09,1,13.233333333333333,0,2,0,0,0,1,0,5,0,1,2,1,1,0,2
2025-26,Regular Season,203991,Clint Capela,HOU,C,2.083,116.1,Switzerland,32.0,1994-05-18,12,925.6616666666666,47,28,45,78,117,225,1,2,160,185,50,41,36,63,74
2025-26,Regular Season,1629632,Coby White,CHA,G,1.93,95.3,USA,26.0,2000-02-16,7,1249.7883333333334,29,21,197,241,163,305,115,318,17,153,200,128,25,5,111
2025-26,Regular Season,1628998,Cody Martin,IND,F,1.981,93.0,USA,30.0,1995-09-28,7,55.18,0,4,3,6,2,5,0,5,1,13,2,4,4,2,5
2025-26,Regular Season,1642262,Cody Williams,UTA,F,2.032,86.2,USA,21.0,2004-11-20,2,1630.5416666666667,16,51,84,119,210,378,28,131,61,137,137,73,51,26,122
2025-26,Regular Season,1641732,Colby Jones,DET,G,1.981,93.9,USA,24.0,2002-05-28,3,6.816666666666666,0,1,0,0,1,1,0,2,0,4,2,0,0,0,1
2025-26,Regular Season,1630175,Cole Anthony,MIL,G,1.88,83.9,USA,26.0,2000-05-15,6,526.635,12,23,16,26,76,159,22,72,16,71,121,65,20,11,73
2025-26,Regular Season,1630658,Colin Castleton,ORL,C,2.083,113.4,USA,26.0,2000-05-25,3,21.383333333333333,3,1,1,1,2,5,0,0,2,6,1,2,1,0,2
2025-26,Regular Season,1631221,Collin Gillespie,PHX,G,1.854,88.5,USA,27.0,1999-06-25,4,2281.8016666666667,43,37,76,87,120,264,232,578,89,238,371,125,99,16,130
2025-26,Regular Season,1642867,Collin Murray-Boyles,TOR,F,2.007,111.1,USA,21.0,2005-06-10,1,1245.6,31,26,71,108,181,292,17,50,133,152,106,59,52,53,147
2025-26,Regular Season,1629012,Collin Sexton,CHI,G,1.905,86.2,USA,27.0,1999-01-04,8,1613.2033333333334,25,43,218,255,248,463,112,279,41,114,223,141,76,10,144
2025-26,Regular Season,1642843,Cooper Flagg,DAL,F,2.057,93.0,USA,19.0,2006-12-21,1,2343.858333333333,22,48,283,342,487,950,72,244,86,380,316,161,84,64,142
2025-26,Regular Season,1630557,Corey Kispert,ATL,F,1.981,101.6,USA,27.0,1999-03-03,5,1079.6066666666666,27,31,77,97,97,157,87,237,27,105,92,45,16,9,60
2025-26,Regular Season,1642504,Cormac Ryan,MIL,G,1.956,93.0,USA,27.0,1998-10-26,1,270.67833333333334,2,9,24,26,26,43,27,59,8,20,19,17,11,3,27
2025-26,Regular Season,1641854,Craig Porter Jr.,CLE,G,1.854,81.6,USA,26.0,2000-02-26,3,1147.6616666666666,43,21,24,40,83,165,33,93,85,135,205,59,57,38,70
2025-26,Regular Season,1642938,Curtis Jones,DEN,G,1.905,88.5,USA,24.0,2001-10-04,1,87.71666666666667,8,2,1,2,5,9,6,18,2,9,10,2,4,0,6
2025-26,Regular Season,1626156,D'Angelo Russell,WAS,G,1.905,87.5,USA,30.0,1996-02-23,11,494.775,9,17,43,60,61,120,33,112,8,53,104,49,12,2,30
2025-26,Regular Season,1629610,DaQuan Jeffries,SAC,G-F,1.956,100.7,USA,28.0,1997-08-30,7,59.903333333333336,0,3,5,5,7,10,4,9,3,2,1,0,2,0,9
2025-26,Regular Season,1641747,DaRon Holmes II,DEN,F,2.057,102.1,USA,23.0,2002-08-15,2,209.51,17,8,11,14,11,16,20,45,8,27,16,12,1,6,19
2025-26,Regular Season,1631342,Daeqwon Plowden,SAC,G-F,1.93,98.0,USA,27.0,1998-08-29,2,844.3683333333333,9,23,42,49,58,93,62,186,33,64,41,26,23,7,78
2025-26,Regular Season,1630625,Dalano Banton,BOS,F,2.032,92.1,Canada,26.0,1999-11-07,5,61.65,4,2,4,4,4,11,0,1,2,3,11,8,2,5,3
2025-26,Regular Season,1631207,Dalen Terry,PHI,F,1.981,95.3,USA,23.0,2002-07-12,4,551.0266666666666,22,26,16,30,44,89,24,66,26,60,66,26,29,15,49
2025-26,Regular Season,1642261,Dalton Knecht,LAL,F,1.981,97.5,USA,25.0,2001-04-19,2,552.9283333333333,34,20,16,22,49,80,38,111,14,61,21,23,11,11,45
2025-26,Regular Season,1629655,Daniel Gafford,DAL,F-C,2.083,120.2,USA,27.0,1998-10-01,7,1194.4383333333333,12,43,110,161,207,316,0,0,138,240,58,63,42,69,144
2025-26,Regular Season,1642450,Daniss Jenkins,DET,G,1.93,74.8,USA,24.0,2001-08-17,2,1455.3,54,18,134,161,159,373,73,195,51,115,278,115,64,15,107
2025-26,Regular Season,1642874,Danny Wolf,BKN,F,2.108,113.4,USA,22.0,2004-05-05,1,1187.1616666666666,14,43,84,109,110,229,68,211,57,224,127,73,30,32,126
2025-26,Regular Season,203967,Dario Saric,SAC,F-C,2.083,102.1,Croatia,32.0,1994-04-08,10,41.248333333333335,1,4,2,2,0,3,1,3,1,5,2,2,0,0,3
2025-26,Regular Season,1641727,Dariq Whitehead,MEM,G-F,1.981,99.8,USA,21.0,2004-08-01,3,182.81666666666666,0,6,5,7,18,33,19,60,2,22,9,10,4,0,13
2025-26,Regular Season,1642468,Darius Brown II,CLE,G,1.88,87.1,USA,26.0,1999-07-28,1,2.6666666666666665,1,0,0,0,0,1,0,0,0,1,0,0,0,0,0
2025-26,Regular Season,1629636,Darius Garland,LAC,G,1.854,87.1,USA,26.0,2000-01-26,7,1344.2766666666666,26,19,105,122,187,364,122,308,18,89,301,130,43,8,84
2025-26,Regular Season,1642357,David Jones Garcia,SAS,G,1.93,95.3,Dominican Republic,24.0,2001-11-24,1,67.975,7,4,3,6,10,20,3,5,4,9,18,5,6,1,6
2025-26,Regular Season,1631223,David Roddy,DEN,F,1.956,115.7,USA,25.0,2001-03-27,4,73.01666666666667,4,1,7,7,12,19,3,11,8,12,4,2,4,1,7
2025-26,Regular Season,1630558,Davion Mitchell,MIA,G,1.829,91.6,USA,27.0,1998-09-05,5,2000.255,37,33,42,65,171,305,90,228,32,155,453,108,68,11,181
2025-26,Regular Season,1630549,Day'Ron Sharpe,BKN,C,2.083,120.2,USA,24.0,2001-11-06,5,1159.915,17,45,103,152,205,317,9,39,171,242,145,106,67,26,147
2025-26,Regular Season,1628368,De'Aaron Fox,SAS,G,1.905,83.9,USA,28.0,1997-12-20,9,2231.065,55,17,187,246,378,652,131,395,42,228,445,164,89,19,162
2025-26,Regular Season,1629631,De'Andre Hunter,SAC,F-G,2.007,100.2,USA,28.0,1997-12-02,7,1175.4866666666667,24,21,124,143,133,255,75,246,30,155,90,75,30,6,112
2025-26,Regular Season,1629001,De'Anthony Melton,GSW,G,1.88,90.7,USA,28.0,1998-05-28,8,1125.2566666666667,22,27,100,121,143,283,72,245,39,119,125,91,77,20,91
2025-26,Regular Season,201599,DeAndre Jordan,NOP,C,2.108,120.2,USA,37.0,1988-07-21,18,198.8,6,6,11,17,21,32,0,0,26,50,11,9,4,10,16
2025-26,Regular Season,1630610,DeJon Jarreau,MEM,G,1.956,83.9,USA,28.0,1998-01-23,5,230.73333333333332,2,9,18,23,29,53,4,30,12,39,36,26,10,8,28
2025-26,Regular Season,201942,DeMar DeRozan,SAC,G-F,1.981,99.8,USA,36.0,1989-08-07,17,2405.515,20,57,374,431,452,858,47,147,35,191,316,96,80,23,149
2025-26,Regular Season,1629731,Dean Wade,CLE,F-C,2.057,103.4,USA,29.0,1996-11-20,7,1317.6833333333334,36,23,27,38,51,82,71,196,53,194,88,16,44,23,90
2025-26,Regular Season,1629028,Deandre Ayton,LAL,C,2.134,114.3,Bahamas,27.0,1998-07-23,8,1958.385,46,26,91,141,403,601,0,0,185,390,59,83,41,70,157
2025-26,Regular Season,1627749,Dejounte Murray,NOP,G,1.93,81.6,USA,29.0,1996-09-19,10,389.4166666666667,5,9,39,45,69,120,19,62,4,71,89,47,23,3,33
2025-26,Regular Season,1630166,Deni Avdija,POR,F,2.032,103.4,Israel,25.0,2001-01-03,6,2199.385,35,31,489,610,367,671,125,393,74,380,442,253,51,41,168
2025-26,Regular Season,203471,Dennis Schröder,CLE,G,1.854,79.4,Germany,32.0,1993-09-15,13,1696.2983333333334,29,41,171,205,180,401,75,228,33,157,341,124,55,11,109
2025-26,Regular Season,1641726,Dereck Lively II,DAL,C,2.159,104.3,USA,22.0,2004-02-12,3,115.27333333333333,3,4,8,10,11,18,0,0,14,23,13,10,4,11,21
2025-26,Regular Season,1642852,Derik Queen,NOP,C,2.057,113.4,USA,21.0,2004-12-27,1,2023.38,26,55,217,273,331,660,23,88,136,436,298,190,84,74,215
2025-26,Regular Season,1627884,Derrick Jones Jr.,LAC,F,1.981,95.3,USA,29.0,1997-02-15,10,1349.5083333333334,26,24,71,93,134,226,55,153,61,112,69,40,45,50,104
2025-26,Regular Season,1628401,Derrick White,BOS,G,1.93,86.2,USA,31.0,1994-07-02,9,2624.9566666666665,52,25,184,204,228,468,209,640,86,253,414,134,88,98,119
2025-26,Regular Season,1630217,Desmond Bane,ORL,G,1.981,97.5,USA,28.0,1998-06-25,6,2756.045,45,37,314,346,416,778,167,427,98,240,338,164,86,37,252
2025-26,Regular Season,1626164,Devin Booker,PHX,G,1.956,93.4,USA,29.0,1996-10-30,11,2146.43,37,27,454,520,424,828,122,370,48,200,386,201,51,18,168
2025-26,Regular Season,1642269,Devin Carter,SAC,G,1.88,88.5,USA,24.0,2002-03-18,2,699.8683333333333,8,30,67,94,91,178,30,114,36,89,101,54,34,9,50
2025-26,Regular Season,1630170,Devin Vassell,SAS,G-F,1.956,90.7,USA,25.0,2000-08-23,6,2044.2316666666666,52,15,106,130,164,323,166,432,39,230,167,60,57,25,106
2025-26,Regular Season,1628415,Dillon Brooks,PHX,G-F,2.007,102.1,Canada,30.0,1996-01-22,9,1701.5833333333333,32,24,170,202,290,590,127,369,43,160,99,98,57,9,183
2025-26,Regular Season,1641794,Dillon Jones,NYK,F,1.956,106.6,USA,24.0,2001-10-29,2,39.388333333333335,5,2,4,4,1,4,1,5,2,5,4,0,3,0,6
2025-26,Regular Season,1627734,Domantas Sabonis,SAC,F-C,2.083,108.9,Lithuania,30.0,1996-05-03,10,563.5883333333334,3,16,56,77,115,194,5,27,64,152,78,51,18,4,66
2025-26,Regular Season,1631230,Dominick Barlow,PHI,F,2.057,101.6,USA,23.0,2003-05-26,4,1688.5183333333334,40,31,94,131,194,317,21,82,133,207,87,56,63,53,150
2025-26,Regular Season,1642270,Donovan Clingan,POR,C,2.184,127.0,USA,22.0,2004-02-23,2,2093.6366666666668,41,36,138,203,272,438,84,246,347,545,162,95,44,130,182
2025-26,Regular Season,1628378,Donovan Mitchell,CLE,G,1.88,97.5,USA,29.0,1996-09-07,9,2342.0633333333335,45,25,372,430,454,787,224,616,50,266,398,198,104,20,163
2025-26,Regular Season,1628978,Donte DiVincenzo,MIN,G,1.93,92.1,USA,29.0,1997-01-31,8,2494.036666666667,49,33,78,105,95,191,244,644,67,269,313,118,104,34,197
2025-26,Regular Season,1627827,Dorian Finney-Smith,HOU,F,2.007,99.8,USA,33.0,1993-05-04,10,620.3116666666666,23,14,8,9,17,32,27,100,35,58,36,22,16,6,61
2025-26,Regular Season,203926,Doug McDermott,SAC,F,2.007,102.1,USA,34.0,1992-01-03,12,439.1983333333333,8,21,8,9,6,16,48,123,7,30,22,13,6,4,28
2025-26,Regular Season,1642962,Drake Powell,BKN,G-F,1.956,88.5,USA,20.0,2005-09-08,1,1319.5133333333333,16,47,69,77,93,176,51,182,21,90,91,60,36,14,89
2025-26,Regular Season,203110,Draymond Green,GSW,F,1.981,104.3,USA,36.0,1990-03-04,14,1868.8883333333333,31,37,59,84,104,181,101,310,55,320,376,181,61,42,197
2025-26,Regular Season,1629234,Drew Eubanks,SAC,F-C,2.083,111.1,USA,29.0,1997-02-01,8,552.27,10,32,32,57,92,149,1,7,39,88,19,30,15,26,57
2025-26,Regular Season,1641809,Drew Peterson,CHA,F,2.032,93.0,USA,26.0,1999-11-09,3,64.26833333333333,1,5,1,2,2,4,0,12,3,6,2,0,3,1,3
2025-26,Regular Season,1631166,Drew Timme,LAL,F,2.057,106.6,USA,25.0,2000-09-09,2,235.08166666666668,18,9,5,9,27,41,11,25,10,23,23,13,6,0,20
2025-26,Regular Season,1630696,Dru Smith,MIA,G,1.88,92.1,USA,28.0,1997-12-30,4,1141.3083333333334,38,32,87,105,97,196,38,129,62,111,180,55,100,21,109
2025-26,Regular Season,1629130,Duncan Robinson,DET,F,2.007,97.5,USA,32.0,1994-04-22,8,2113.1583333333333,58,19,83,110,98,162,220,536,29,176,159,54,44,22,168
2025-26,Regular Season,1641871,Duop Reath,POR,C,2.057,111.1,South Sudan,30.0,1996-06-26,3,258.17,16,16,5,6,10,19,23,55,10,28,10,7,5,8,28
2025-26,Regular Season,203939,Dwight Powell,DAL,F-C,2.083,108.9,Canada,34.0,1991-07-20,12,904.4116666666666,19,44,78,112,63,94,2,7,96,161,68,41,34,21,133
2025-26,Regular Season,1642928,Dylan Cardwell,SAC,C,2.083,115.7,USA,24.0,2001-12-16,1,906.5383333333333,13,31,26,51,103,175,2,4,147,185,62,39,30,67,161
2025-26,Regular Season,1642844,Dylan Harper,SAS,G,1.956,97.5,USA,20.0,2006-03-02,1,1557.9566666666667,53,16,90,119,270,478,61,178,54,180,266,99,54,24,139
2025-26,Regular Season,1630700,Dyson Daniels,ATL,G,2.007,90.3,Australia,23.0,2003-03-17,5,2519.54,44,32,75,122,380,660,22,117,184,336,449,135,149,31,166
2025-26,Regular Season,1630604,E.J. Liddell,BKN,F,1.981,108.9,USA,25.0,2000-12-18,4,349.19,5,21,21,26,36,59,18,52,14,55,24,15,6,10,45
2025-26,Regular Season,1642856,Egor Dëmin,BKN,G,2.032,90.7,Russia,20.0,2006-03-03,1,1308.2083333333333,14,38,54,65,55,127,124,322,21,144,173,86,42,17,93
2025-26,Regular Season,1641989,Elijah Harkless,UTA,G,1.905,88.5,USA,26.0,2000-02-03,2,544.8133333333334,5,21,49,64,33,73,21,88,10,43,75,26,31,6,52
2025-26,Regular Season,1641801,Emanuel Miller,SAS,F,1.956,97.5,Canada,26.0,2000-06-19,2,33.05,0,5,1,2,4,7,2,6,1,2,4,0,2,0,2
2025-26,Regular Season,1642402,Enrique Freeman,MIN,F,2.057,99.8,USA,25.0,2000-07-29,2,37.208333333333336,3,1,3,4,2,4,2,4,2,8,2,2,2,3,5
2025-26,Regular Season,201569,Eric Gordon,PHI,G,1.905,97.5,USA,37.0,1988-12-25,18,73.75,3,3,1,2,4,7,8,14,1,1,3,3,4,1,3
2025-26,Regular Season,1630679,Ethan Thompson,IND,G,1.93,88.5,Puerto Rico,27.0,1999-05-04,2,653.2316666666667,8,24,37,47,36,80,38,116,17,52,57,25,20,9,69
2025-26,Regular Season,1630596,Evan Mobley,CLE,C,2.108,97.5,USA,25.0,2001-06-18,5,2074.2883333333334,40,25,180,297,407,650,62,209,156,430,234,122,48,113,159
2025-26,Regular Season,1630532,Franz Wagner,ORL,F,2.083,99.8,Germany,24.0,2001-08-27,5,1019.0033333333333,20,14,163,198,196,368,48,139,43,134,113,58,32,11,72
2025-26,Regular Season,1641713,GG Jackson,MEM,F,2.057,95.3,USA,21.0,2004-12-17,3,1177.765,16,39,112,151,191,321,64,193,49,186,81,85,31,44,75
2025-26,Regular Season,1629216,Gabe Vincent,ATL,G,1.88,90.7,USA,30.0,1996-06-14,7,879.0783333333334,36,17,20,23,17,43,59,173,17,37,76,27,27,3,79
2025-26,Regular Season,202066,Garrett Temple,TOR,G-F,1.956,88.5,USA,40.0,1986-05-08,17,72.93666666666667,10,12,6,9,1,3,3,12,1,8,9,7,4,2,6
2025-26,Regular Season,1629726,Garrison Mathews,IND,G,1.956,97.5,USA,29.0,1996-10-24,7,196.1,4,11,19,23,4,6,17,46,2,15,10,3,6,3,19
2025-26,Regular Season,203914,Gary Harris,MIL,G,1.93,95.3,USA,31.0,1994-09-14,12,660.7683333333333,15,33,8,9,18,36,28,68,16,45,51,19,27,9,53
2025-26,Regular Season,1627780,Gary Payton II,GSW,G,1.88,88.5,USA,33.0,1992-12-01,10,1142.28,33,40,26,40,205,288,37,127,101,164,123,62,67,21,132
2025-26,Regular Season,1629018,Gary Trent Jr.,MIL,G,1.956,92.5,USA,27.0,1999-01-18,8,1377.3816666666667,24,41,40,52,60,131,123,342,8,59,79,41,34,3,85
2025-26,Regular Season,203507,Giannis Antetokounmpo,MIL,F,2.108,110.2,Greece,31.0,1994-12-06,13,1039.23,17,19,232,357,358,553,15,45,98,254,196,115,34,24,86
2025-26,Regular Season,1629048,Goga Bitadze,ORL,C-F,2.108,113.4,Georgia,26.0,1999-07-20,7,972.0066666666667,34,30,69,97,150,214,2,11,137,183,84,43,37,61,136
2025-26,Regular Season,1641711,Gradey Dick,TOR,G-F,2.007,90.7,USA,22.0,2003-11-20,3,1066.6883333333333,43,33,77,88,105,198,56,186,42,105,51,42,45,7,101
2025-26,Regular Season,1641761,Grant Nelson,BKN,F,2.134,97.5,USA,24.0,2002-03-18,1,35.01,0,4,7,10,5,9,0,0,1,5,5,4,1,5,6
2025-26,Regular Season,1629684,Grant Williams,CHA,F,2.007,107.0,USA,27.0,1998-11-30,7,711.4533333333334,25,11,44,54,26,49,52,134,46,96,56,31,17,18,56
2025-26,Regular Season,1628960,Grayson Allen,PHX,G,1.905,89.8,USA,30.0,1995-10-08,8,1467.2783333333334,26,25,144,168,110,212,159,455,37,118,195,83,69,13,117
2025-26,Regular Season,1627824,Guerschon Yabusele,CHI,F,2.007,120.2,France,30.0,1995-12-17,10,1007.0566666666666,32,35,54,72,56,116,69,196,56,178,63,41,26,16,81
2025-26,Regular Season,1630611,Gui Santos,GSW,F,2.007,83.9,Brazil,24.0,2002-06-22,3,1395.3633333333332,29,39,87,120,152,238,78,222,75,191,159,102,61,22,142
2025-26,Regular Season,203084,Harrison Barnes,SAS,F,2.007,102.1,USA,34.0,1992-05-30,14,1986.475,57,20,102,123,123,217,139,358,62,151,148,61,50,12,85
2025-26,Regular Season,1631127,Harrison Ingram,SAS,F,1.956,104.3,USA,23.0,2002-11-27,2,26.116666666666667,6,1,0,0,4,5,1,1,3,0,1,1,0,0,2
2025-26,Regular Season,1643060,Hayden Gray,UTA,G,1.93,86.2,USA,23.0,2003-05-11,1,24.75,0,1,2,2,2,2,0,1,0,0,1,1,1,1,0
2025-26,Regular Season,1629312,Haywood Highsmith,PHX,F,1.956,99.8,USA,29.0,1996-12-09,8,90.79,4,3,6,7,4,9,8,14,6,7,7,0,4,0,9
2025-26,Regular Season,1630529,Herbert Jones,NOP,F,2.007,93.4,USA,27.0,1998-10-06,5,1588.3816666666667,22,34,50,62,103,219,80,259,47,143,155,73,88,27,177
2025-26,Regular Season,1642864,Hugo González,BOS,G,1.981,90.7,Spain,20.0,2006-02-05,1,1083.93,51,23,13,26,75,130,42,116,62,184,40,38,42,21,124
2025-26,Regular Season,1630621,Hunter Dickinson,NOP,C,2.159,115.7,USA,25.0,2000-11-25,1,42.47833333333333,1,4,2,2,5,10,0,4,2,3,2,3,1,2,6
2025-26,Regular Season,1642282,Hunter Sallis,PHI,G,1.93,83.9,USA,23.0,2003-03-26,1,25.673333333333332,3,4,1,2,3,5,0,0,0,1,4,5,0,1,2
2025-26,Regular Season,1641816,Hunter Tyson,DEN,F,2.032,97.5,USA,26.0,2000-06-13,3,161.9,15,6,11,13,7,19,7,33,4,32,17,5,2,1,13
2025-26,Regular Season,1630193,Immanuel Quickley,TOR,G,1.88,86.2,USA,27.0,1999-06-17,6,2231.3083333333334,41,29,170,207,223,429,178,476,38,244,415,102,92,5,141
2025-26,Regular Season,1642403,Isaac Jones,DET,F,2.032,111.1,USA,25.0,2000-07-11,2,35.68333333333333,5,2,3,4,3,5,0,2,2,3,1,1,0,1,4
2025-26,Regular Season,1630171,Isaac Okoro,CHI,F-G,1.93,102.1,USA,25.0,2001-01-26,6,1694.89,26,37,89,112,138,238,73,221,69,104,100,46,46,29,162
2025-26,Regular Season,1642268,Isaiah Collier,UTA,G,1.93,95.3,USA,21.0,2004-10-08,2,1516.92,16,43,151,209,228,415,27,100,21,129,423,148,66,20,138
2025-26,Regular Season,1642384,Isaiah Crawford,HOU,F,1.981,99.8,USA,24.0,2001-11-01,2,92.1,8,6,5,6,7,11,3,13,3,13,5,4,2,3,4
2025-26,Regular Season,1628392,Isaiah Hartenstein,OKC,C-F,2.134,113.4,Germany,28.0,1998-05-05,8,1137.425,39,8,64,105,184,289,0,7,149,294,166,82,48,36,118
2025-26,Regular Season,1630543,Isaiah Jackson,LAC,F,2.032,93.0,USA,24.0,2002-01-10,5,908.3116666666666,20,35,68,105,151,234,0,3,113,177,52,58,36,49,147
2025-26,Regular Season,1630198,Isaiah Joe,OKC,G,1.93,74.8,USA,26.0,1999-07-02,6,1507.445,56,15,110,123,66,115,181,428,33,148,94,45,50,11,121
2025-26,Regular Season,1630587,Isaiah Livers,PHX,F,1.981,105.2,USA,27.0,1998-07-28,5,347.36,21,15,9,12,10,24,12,40,19,42,21,12,13,8,28
2025-26,Regular Season,1641815,Isaiah Stevens,SAC,G,1.803,83.9,USA,25.0,2000-11-01,2,42.78333333333333,0,3,4,4,3,6,0,1,2,1,10,2,5,0,2
2025-26,Regular Season,1630191,Isaiah Stewart,DET,F-C,2.032,113.4,USA,25.0,2001-05-22,6,1317.135,42,16,99,131,181,282,40,120,96,194,66,67,16,93,166
2025-26,Regular Season,1627826,Ivica Zubac,IND,C,2.134,108.9,Croatia,29.0,1997-03-18,10,1446.6983333333333,17,31,101,142,288,482,0,0,162,347,105,86,18,40,112
2025-26,Regular Season,1631120,JD Davison,HOU,G,1.854,88.5,USA,23.0,2002-10-03,4,218.41666666666666,23,5,13,19,16,32,8,32,3,31,35,7,6,6,17
2025-26,Regular Season,1629630,Ja Morant,MEM,G,1.88,78.9,USA,26.0,1999-08-10,7,568.5,7,13,105,117,112,237,20,85,8,57,161,71,20,6,40
2025-26,Regular Season,1642266,Ja'Kobe Walter,TOR,G,1.93,81.6,USA,21.0,2004-09-04,2,1473.575,41,31,71,90,70,135,110,269,56,129,86,37,73,14,162
2025-26,Regular Season,1631095,Jabari Smith Jr.,HOU,F,2.108,99.8,USA,23.0,2003-05-13,4,2705.365,48,29,162,209,261,487,177,488,108,421,143,105,56,71,192
2025-26,Regular Season,1631133,Jabari Walker,PHI,F,2.007,107.5,USA,23.0,2002-07-30,4,761.6683333333333,36,28,50,68,65,118,32,95,72,120,34,27,23,13,103
2025-26,Regular Season,1631210,Jacob Toppin,ATL,F,2.057,90.7,USA,26.0,2000-05-08,3,16.866666666666667,3,2,0,0,4,6,0,0,0,1,1,0,0,1,1
2025-26,Regular Season,1630702,Jaden Hardy,WAS,G,1.905,89.8,USA,23.0,2002-07-05,5,898.0966666666667,13,44,55,75,78,167,104,262,15,71,58,62,16,6,89
2025-26,Regular Season,1631093,Jaden Ivey,CHI,G,1.905,88.5,USA,24.0,2002-02-13,4,670.255,23,14,38,47,64,122,50,134,24,67,68,41,23,14,53
2025-26,Regular Season,1630183,Jaden McDaniels,MIN,F,2.057,83.9,USA,25.0,2000-09-29,6,2316.4133333333334,44,29,147,176,314,559,103,250,76,234,199,131,81,73,244
2025-26,Regular Season,1630256,Jae'Sean Tate,HOU,F,1.93,104.3,USA,30.0,1995-10-28,6,404.72333333333336,33,13,7,11,46,77,10,32,33,40,25,16,10,3,48
2025-26,Regular Season,1642942,Jahmai Mashack,MEM,G,1.93,92.1,USA,23.0,2002-11-10,1,673.1516666666666,10,21,19,35,58,120,19,75,23,58,69,49,37,14,67
2025-26,Regular Season,1642443,Jahmir Young,MIA,G,1.829,83.9,USA,25.0,2000-10-07,2,58.195,10,4,2,2,7,16,3,9,2,2,9,3,1,0,7
2025-26,Regular Season,1643141,Jahmyl Telfort,LAC,G,2.007,,Canada,25.0,2001-04-30,1,32.03333333333333,2,6,1,4,0,0,0,4,0,3,1,1,1,0,5
2025-26,Regular Season,1631170,Jaime Jaquez Jr.,MIA,G,1.981,102.1,USA,25.0,2001-02-18,3,2121.21,41,34,166,216,406,732,58,183,96,279,352,152,51,21,137
2025-26,Regular Season,1631222,Jake LaRavia,LAL,F,2.007,106.6,USA,24.0,2001-11-03,4,2061.47,53,29,116,152,162,280,78,243,116,210,145,87,104,38,196
2025-26,Regular Season,1627751,Jakob Poeltl,TOR,C,2.134,114.8,Austria,30.0,1995-10-15,10,1149.06,26,20,59,98,217,310,0,0,114,209,93,57,40,32,145
2025-26,Regular Season,1628973,Jalen Brunson,NYK,G,1.88,86.2,USA,29.0,1996-08-31,8,2589.806666666667,50,24,354,421,494,947,195,528,31,216,503,175,57,8,170
2025-26,Regular Season,1631105,Jalen Duren,DET,C,2.083,113.4,USA,22.0,2003-11-18,4,1975.8533333333332,50,20,321,430,522,803,0,0,265,472,138,130,57,59,195
2025-26,Regular Season,1630224,Jalen Green,PHX,G,1.93,84.4,USA,24.0,2002-02-09,5,828.325,17,15,65,87,145,285,71,227,16,100,91,72,34,8,42
2025-26,Regular Season,1630552,Jalen Johnson,ATL,F,2.032,99.3,USA,24.0,2001-12-18,5,2531.5983333333334,42,30,301,382,480,887,120,341,101,639,566,244,89,31,151
2025-26,Regular Season,1629618,Jalen Pickett,DEN,G,1.88,91.6,USA,26.0,1999-10-22,3,806.48,34,16,15,19,49,105,49,127,18,96,115,34,13,5,42
2025-26,Regular Season,1641771,Jalen Slawson,IND,F,2.007,97.5,USA,26.0,1999-10-22,3,310.55,3,10,12,17,19,37,15,40,7,50,36,17,20,14,27
2025-26,Regular Season,1630188,Jalen Smith,CHI,F-C,2.032,110.7,USA,26.0,2000-03-16,6,1095.3883333333333,26,27,69,93,113,184,82,220,98,257,65,53,24,42,111
2025-26,Regular Season,1630591,Jalen Suggs,ORL,G,1.956,93.0,USA,25.0,2001-06-03,5,1573.57,34,23,100,117,160,289,122,360,36,184,312,152,105,40,145
2025-26,Regular Season,1631114,Jalen Williams,OKC,G-F,1.956,95.7,USA,25.0,2001-04-14,4,935.9633333333334,25,8,108,129,193,369,23,77,27,126,181,63,39,9,65
2025-26,Regular Season,1630592,Jalen Wilson,BKN,F,1.981,99.8,USA,25.0,2000-11-04,3,859.2216666666667,10,44,69,96,56,126,54,152,17,97,50,38,22,2,85
2025-26,Regular Season,1631288,Jamal Cain,ORL,F,2.007,86.6,USA,27.0,1999-03-20,4,485.9683333333333,22,18,39,46,46,79,28,73,28,50,29,19,11,4,53
2025-26,Regular Season,1627750,Jamal Murray,DEN,G,1.93,97.5,Canada,29.0,1997-02-23,10,2651.891666666667,48,27,346,390,412,797,245,563,32,298,535,171,66,29,131
2025-26,Regular Season,1642347,Jamal Shead,TOR,G,1.854,90.7,USA,23.0,2002-07-24,2,1852.2383333333332,46,36,91,116,101,242,84,262,26,117,444,112,76,15,162
2025-26,Regular Season,1631123,Jamaree Bouyea,PHX,G,1.88,81.6,USA,27.0,1999-06-27,4,644.0583333333333,23,23,24,35,85,158,23,78,18,64,82,30,29,16,38
2025-26,Regular Season,201935,James Harden,CLE,G,1.956,99.8,USA,36.0,1989-08-26,17,2438.495,40,30,463,524,272,550,215,573,40,296,557,245,79,28,137
2025-26,Regular Season,1630164,James Wiseman,IND,C,2.108,108.9,USA,25.0,2001-03-31,6,58.461666666666666,0,4,1,2,6,10,0,0,5,3,3,5,0,1,10
2025-26,Regular Season,1642364,Jamir Watkins,WAS,F,1.981,95.3,USA,24.0,2001-07-06,1,1032.1766666666667,10,40,57,82,85,138,47,158,49,145,67,40,54,25,129
2025-26,Regular Season,1642419,Jamison Battle,TOR,F,2.007,99.8,USA,25.0,2001-05-10,2,516.7783333333333,35,26,9,14,39,60,35,85,20,69,24,19,7,3,42
2025-26,Regular Season,1641716,Jarace Walker,IND,F,2.007,106.6,USA,22.0,2003-09-04,3,1953.3833333333334,16,60,137,183,174,377,133,356,49,342,192,139,63,26,124
2025-26,Regular Season,1642272,Jared McCain,OKC,G,1.905,88.5,USA,22.0,2004-02-20,2,1159.6666666666667,46,21,51,59,105,223,99,257,23,114,90,56,35,5,81
2025-26,Regular Season,1628991,Jaren Jackson Jr.,UTA,F-C,2.083,109.8,USA,26.0,1999-09-15,8,1454.6483333333333,19,29,163,203,258,484,84,235,42,230,94,107,53,69,179
2025-26,Regular Season,1629020,Jarred Vanderbilt,LAL,F,2.032,97.1,USA,27.0,1999-04-03,8,1127.7416666666666,39,26,33,56,84,141,29,99,80,212,84,56,55,19,104
2025-26,Regular Season,1628386,Jarrett Allen,CLE,C,2.057,110.2,USA,28.0,1998-04-21,9,1519.12,37,19,185,261,336,518,1,10,144,332,100,75,55,47,95
2025-26,Regular Season,1642859,Jase Richardson,ORL,G,1.854,81.6,USA,20.0,2005-10-16,1,586.7483333333333,26,28,33,46,61,109,28,79,21,42,58,25,19,2,53
2025-26,Regular Season,1642914,Javon Small,MEM,G,1.854,86.2,USA,23.0,2002-12-19,1,829.9083333333333,13,28,68,82,74,146,60,142,36,92,151,56,34,9,65
2025-26,Regular Season,1631451,Javonte Cooke,POR,G,1.981,83.9,USA,26.0,1999-07-11,1,93.665,6,13,2,2,6,18,3,23,4,15,7,9,6,0,6
2025-26,Regular Season,1629750,Javonte Green,DET,G,1.956,93.0,USA,32.0,1993-07-23,7,1445.9616666666666,60,22,105,125,91,167,94,247,62,168,56,45,102,25,107
2025-26,Regular Season,1629637,Jaxson Hayes,LAL,C-F,2.134,99.8,USA,26.0,2000-05-23,7,1206.5783333333334,43,23,98,150,195,259,3,3,99,172,59,31,29,52,127
2025-26,Regular Season,1630643,Jay Huff,IND,C,2.159,108.9,USA,28.0,1997-08-25,5,1719.2433333333333,19,63,82,99,172,238,119,373,73,251,121,76,41,153,196
2025-26,Regular Season,1627759,Jaylen Brown,BOS,G-F,1.981,101.2,USA,29.0,1996-10-24,10,2442.838333333333,47,24,426,536,596,1139,140,404,81,411,364,259,72,27,191
2025-26,Regular Season,1641740,Jaylen Clark,MIN,G,1.956,93.0,USA,24.0,2001-10-13,3,887.7033333333334,40,28,44,67,66,127,33,101,54,66,43,23,47,9,87
2025-26,Regular Season,1642377,Jaylen Wells,MEM,F,2.007,,USA,22.0,2003-08-26,2,1820.6416666666667,24,45,134,171,172,333,129,365,61,159,111,74,61,9,148
2025-26,Regular Season,1631119,Jaylin Williams,OKC,F,2.057,108.9,USA,24.0,2002-06-29,4,1277.375,54,11,73,92,51,96,98,256,32,326,158,67,31,42,127
2025-26,Regular Season,1642281,Jaylon Tyson,CLE,G-F,1.981,97.5,USA,23.0,2002-12-02,2,1777.4833333333333,41,25,79,107,197,372,133,298,118,220,147,99,54,28,164
2025-26,Regular Season,1643257,Jayson Kent,POR,F,2.032,97.5,USA,24.0,2002-02-03,1,22.466666666666665,4,1,1,1,3,3,1,4,0,5,0,0,1,1,1
2025-26,Regular Season,1628369,Jayson Tatum,BOS,F-G,2.032,95.3,USA,28.0,1998-03-03,9,521.85,13,3,65,79,71,144,47,143,8,152,85,39,22,3,26
2025-26,Regular Season,201145,Jeff Green,HOU,F,2.032,106.6,USA,39.0,1986-08-28,19,174.81666666666666,22,8,5,5,13,24,12,44,7,18,8,4,2,2,12
2025-26,Regular Season,203924,Jerami Grant,POR,F,2.007,96.6,USA,32.0,1994-03-12,12,1695.1016666666667,27,30,262,322,195,380,136,350,55,143,122,119,42,36,142
2025-26,Regular Season,1642847,Jeremiah Fears,NOP,G,1.905,86.2,USA,19.0,2006-10-14,1,2111.903333333333,26,56,194,246,336,700,101,306,60,240,279,178,97,30,151
2025-26,Regular Season,1630526,Jeremiah Robinson-Earl,DAL,F,2.057,108.9,USA,25.0,2000-11-03,5,360.615,8,14,17,18,27,59,10,41,36,67,15,12,9,1,26
2025-26,Regular Season,1631110,Jeremy Sochan,NYK,F,2.032,104.3,Poland,23.0,2003-05-20,4,468.5516666666667,30,14,19,26,53,84,11,45,37,70,40,21,17,7,62
2025-26,Regular Season,1630579,Jericho Sims,MIL,C,2.083,113.4,USA,27.0,1998-10-20,5,1317.835,25,42,44,71,145,185,0,0,147,223,104,75,19,17,146
2025-26,Regular Season,1641724,Jett Howard,ORL,G,2.032,97.5,USA,22.0,2003-09-14,3,695.32,28,27,37,39,51,106,54,145,23,64,45,15,10,11,66
2025-26,Regular Season,1628975,Jevon Carter,ORL,G,1.829,86.2,USA,30.0,1995-09-14,8,867.4416666666667,26,27,15,19,45,92,78,215,14,75,87,36,40,10,57
2025-26,Regular Season,202710,Jimmy Butler III,GSW,F,1.981,104.3,USA,36.0,1989-09-14,15,1181.6766666666667,23,15,248,287,208,377,32,85,88,123,185,60,55,8,46
2025-26,Regular Season,1642866,Joan Beringer,MIN,F,2.108,104.3,France,19.0,2006-11-11,1,314.13166666666666,22,18,26,37,65,98,0,0,45,47,12,11,7,26,47
2025-26,Regular Season,1629111,Jock Landale,ATL,C,2.108,115.7,Australia,30.0,1995-10-25,5,1506.0766666666666,36,32,80,126,208,355,74,193,183,204,115,60,35,36,150
2025-26,Regular Season,204060,Joe Ingles,MIN,F-G,2.032,99.8,Australia,38.0,1987-10-02,12,152.68833333333333,13,14,2,2,9,11,7,16,0,19,34,14,9,2,9
2025-26,Regular Season,203954,Joel Embiid,PHI,C-F,2.134,122.5,Cameroon,32.0,1994-03-16,12,1200.6383333333333,24,14,286,335,288,538,53,159,75,218,150,109,21,46,82
2025-26,Regular Season,1628381,John Collins,LAC,F-C,2.057,102.5,USA,28.0,1997-09-23,9,1871.4783333333332,32,37,118,154,275,440,89,219,110,257,70,95,60,51,187
2025-26,Regular Season,1629723,John Konchar,UTA,G,1.956,95.3,USA,30.0,1996-03-22,7,1114.6766666666667,18,38,32,44,66,100,28,99,74,166,118,35,83,38,79
2025-26,Regular Season,1642967,John Poulakidas,DAL,G,1.981,93.0,USA,23.0,2003-04-04,1,253.435,3,10,6,7,8,14,31,77,4,26,11,4,7,4,28
2025-26,Regular Season,1642910,John Tonje,BOS,G,1.93,98.9,USA,25.0,2001-04-23,1,41.89833333333333,5,1,4,4,1,4,3,10,0,6,2,0,2,0,5
2025-26,Regular Season,1641780,Johni Broome,PHI,F,2.057,110.7,USA,23.0,2002-07-19,1,54.76166666666666,5,6,2,6,4,19,0,5,7,9,4,3,3,2,7
2025-26,Regular Season,1642277,Johnny Furphy,IND,G,2.032,90.7,Australia,21.0,2004-12-08,2,643.0533333333333,10,25,17,35,47,78,23,71,32,121,41,29,20,7,65
2025-26,Regular Season,1630548,Johnny Juzang,MIN,G,2.007,102.5,USA,25.0,2001-03-17,4,87.69833333333334,13,8,5,8,10,14,6,24,5,12,6,5,2,1,3
2025-26,Regular Season,202685,Jonas Valanciunas,DEN,C,2.108,120.2,Lithuania,34.0,1992-05-06,14,871.065,42,23,105,136,219,364,8,26,105,224,78,73,14,37,133
2025-26,Regular Season,1628371,Jonathan Isaac,ORL,F,2.083,104.3,USA,28.0,1997-10-03,9,520.8933333333333,29,23,35,58,39,71,7,38,43,89,22,18,20,31,41
2025-26,Regular Season,1630228,Jonathan Kuminga,ATL,F,2.007,102.1,DRC,23.0,2002-10-06,5,830.4966666666667,22,14,89,123,122,234,35,105,49,153,83,67,22,11,55
2025-26,Regular Season,1642367,Jonathan Mogbo,TOR,F,2.057,102.1,USA,24.0,2001-10-29,2,248.89666666666668,20,20,9,14,26,43,0,1,19,49,25,14,11,8,26
2025-26,Regular Season,203903,Jordan Clarkson,NYK,G,1.956,88.0,USA,34.0,1992-06-07,12,1279.4616666666666,45,27,78,94,167,312,70,214,62,65,96,63,30,9,123
2025-26,Regular Season,1630692,Jordan Goodwin,PHX,G,1.905,97.5,USA,27.0,1998-10-23,5,1571.7766666666666,39,31,39,56,117,253,112,302,138,203,151,68,106,14,133
2025-26,Regular Season,1641722,Jordan Hawkins,NOP,G,1.956,86.2,USA,24.0,2002-04-29,3,691.975,13,38,23,27,47,122,47,135,20,68,42,34,13,10,30
2025-26,Regular Season,1629162,Jordan McLaughlin,SAS,G,1.803,83.9,USA,30.0,1996-04-09,7,281.6166666666667,37,7,6,7,16,39,17,40,7,25,38,15,20,2,11
2025-26,Regular Season,1641757,Jordan Miller,LAC,G,1.956,88.0,USA,26.0,2000-01-23,3,1324.78,36,24,136,175,174,289,38,110,50,132,136,63,45,11,62
2025-26,Regular Season,1629673,Jordan Poole,NOP,G,1.93,88.0,USA,27.0,1999-06-19,7,933.2366666666667,16,23,98,114,69,156,96,288,9,68,119,69,22,15,89
2025-26,Regular Season,1641775,Jordan Walsh,BOS,G,1.981,93.0,USA,22.0,2004-03-03,3,1211.97,46,22,44,57,88,142,48,125,85,187,54,35,49,31,137
2025-26,Regular Season,1630631,Jose Alvarado,NYK,G,1.829,81.2,USA,28.0,1998-04-12,5,1370.2366666666667,28,41,35,46,86,162,101,287,26,145,234,77,66,8,129
2025-26,Regular Season,1630581,Josh Giddey,CHI,G,2.007,97.1,Australia,23.0,2002-10-10,5,1731.3566666666666,21,33,174,228,218,434,103,283,67,381,494,196,55,27,90
2025-26,Regular Season,1630182,Josh Green,CHA,G,1.981,90.7,Australia,25.0,2000-11-16,6,907.9283333333333,37,21,25,28,25,43,58,138,45,57,47,35,35,6,64
2025-26,Regular Season,1628404,Josh Hart,NYK,G,1.956,97.5,USA,31.0,1995-03-06,9,1993.575,44,22,90,125,201,350,100,242,93,393,317,128,75,17,165
2025-26,Regular Season,1631169,Josh Minott,BKN,F,2.032,93.0,USA,23.0,2002-11-25,4,833.7316666666667,23,26,48,61,62,99,64,153,48,110,46,43,44,24,73
2025-26,Regular Season,1642490,Josh Oduro,NOP,C,2.057,108.9,USA,25.0,2000-10-14,1,81.76666666666667,1,2,3,6,11,15,0,2,11,12,4,2,0,0,14
2025-26,Regular Season,1629006,Josh Okogie,HOU,G,1.93,96.6,Nigeria,27.0,1998-09-01,8,1353.8116666666667,49,29,41,69,63,133,62,161,81,119,69,41,63,16,107
2025-26,Regular Season,201950,Jrue Holiday,POR,G,1.93,99.8,USA,36.0,1990-06-12,17,1560.4016666666666,28,25,88,105,183,347,137,362,71,174,322,146,54,6,78
2025-26,Regular Season,1630577,Julian Champagnie,SAS,F,2.007,98.4,USA,25.0,2001-06-29,4,2265.963333333333,62,20,114,135,106,177,195,512,74,399,127,69,62,38,131
2025-26,Regular Season,1641763,Julian Phillips,MIN,F,1.981,91.2,USA,22.0,2003-11-05,3,427.01666666666665,19,29,18,23,31,56,20,65,23,26,10,11,22,7,43
2025-26,Regular Season,1642882,Julian Reese,WAS,F,2.057,104.3,USA,23.0,2003-06-30,1,401.5,1,12,28,44,63,119,0,0,55,82,24,32,18,8,42
2025-26,Regular Season,1631124,Julian Strawther,DEN,G,1.981,93.0,USA,24.0,2002-04-18,3,860.6733333333333,38,19,57,70,91,169,58,150,12,102,61,36,25,6,73
2025-26,Regular Season,203944,Julius Randle,MIN,F-C,2.057,113.4,USA,31.0,1994-11-29,12,2610.2966666666666,47,32,398,496,471,861,109,346,132,400,398,217,86,18,223
2025-26,Regular Season,1630551,Justin Champagnie,WAS,G-F,1.981,93.4,USA,25.0,2001-06-29,5,1377.4533333333334,13,56,80,102,179,296,53,166,145,239,84,45,59,43,114
2025-26,Regular Season,1642348,Justin Edwards,PHI,F,2.007,98.4,USA,22.0,2003-12-16,2,977.0183333333333,37,27,33,39,76,140,67,180,26,68,80,36,54,11,91
2025-26,Regular Season,203994,Jusuf Nurkić,UTA,C,2.108,131.5,Bosnia and Herzegovina,31.0,1994-08-23,12,1083.0683333333334,14,27,62,113,155,287,25,71,106,319,196,101,52,22,134
2025-26,Regular Season,1642354,KJ Simpson,DEN,G,1.88,85.7,USA,23.0,2002-08-08,2,257.61,10,10,11,18,22,59,12,40,9,28,43,25,16,0,18
2025-26,Regular Season,1642955,Kadary Richmond,WAS,G,1.981,93.0,USA,24.0,2001-08-25,1,66.8,2,1,3,3,8,12,2,4,1,9,8,2,8,1,2
2025-26,Regular Season,1642880,Kam Jones,IND,G,1.93,90.7,USA,24.0,2002-02-25,1,616.325,6,31,4,8,46,94,22,75,15,45,119,36,18,0,39
2025-26,Regular Season,1626157,Karl-Anthony Towns,NYK,C-F,2.134,112.5,USA,30.0,1995-11-15,11,2321.7816666666668,49,26,357,416,404,725,113,307,233,656,226,187,65,40,255
2025-26,Regular Season,1631255,Karlo Matković,NOP,F-C,2.083,104.8,Bosnia and Herzegovina,25.0,2001-03-30,2,911.7566666666667,24,38,30,41,104,145,38,90,72,157,50,34,25,54,105
2025-26,Regular Season,1642857,Kasparas Jakučionis,MIA,G,1.956,90.7,Lithuania,20.0,2006-05-29,1,944.6283333333333,28,25,58,66,36,82,66,156,43,95,137,50,33,7,99
2025-26,Regular Season,202695,Kawhi Leonard,LAC,F,1.981,102.1,USA,35.0,1991-06-29,15,2084.7283333333335,37,28,371,416,463,813,172,445,71,342,234,133,122,27,78
2025-26,Regular Season,1630811,Keaton Wallace,ATL,G,1.905,83.9,USA,27.0,1999-02-26,2,535.99,31,22,12,18,30,69,38,102,3,53,94,28,24,5,48
2025-26,Regular Season,1631099,Keegan Murray,SAC,F,2.032,102.1,USA,25.0,2000-08-19,4,793.0966666666667,5,18,38,49,95,188,31,112,33,99,38,27,24,36,42
2025-26,Regular Season,1642276,Kel'el Ware,MIA,C,2.134,104.3,USA,22.0,2004-04-20,2,1703.8216666666667,39,38,71,96,252,416,92,233,217,477,56,62,59,84,119
2025-26,Regular Season,1629640,Keldon Johnson,SAS,F-G,1.981,99.8,USA,26.0,1999-10-11,7,1911.4666666666667,62,20,154,194,315,524,99,273,137,303,111,70,46,11,162
2025-26,Regular Season,203482,Kelly Olynyk,SAS,F-C,2.134,108.9,Canada,35.0,1991-04-19,13,360.2133333333333,33,9,27,38,35,49,12,47,24,52,49,24,15,3,39
2025-26,Regular Season,1626162,Kelly Oubre Jr.,PHI,F-G,2.032,95.3,USA,30.0,1995-12-09,11,1574.3116666666667,27,23,111,145,168,305,86,239,50,202,80,69,68,24,127
2025-26,Regular Season,1631113,Kennedy Chandler,UTA,G,1.829,77.1,USA,23.0,2002-09-16,4,355.2266666666667,1,10,28,43,46,99,15,38,6,31,74,23,11,2,23
2025-26,Regular Season,1629026,Kenrich Williams,OKC,G-F,2.007,95.3,USA,31.0,1994-12-02,8,855.1633333333333,41,15,33,52,90,167,50,129,59,128,79,43,31,5,59
2025-26,Regular Season,203484,Kentavious Caldwell-Pope,MEM,G,1.956,92.5,USA,33.0,1993-02-18,13,1087.5583333333334,20,31,73,80,95,192,55,174,20,105,139,61,43,8,57
2025-26,Regular Season,1631165,Keon Ellis,CLE,G,1.93,79.4,USA,26.0,2000-01-08,4,1478.6383333333333,31,41,51,70,78,133,91,251,38,97,72,41,83,46,134
2025-26,Regular Season,1642352,Keshad Johnson,MIA,F,1.981,102.1,USA,25.0,2001-06-23,2,279.52166666666665,16,16,21,29,38,60,13,44,26,36,8,13,15,8,28
2025-26,Regular Season,1642933,Keshon Gilbert,ATL,G,1.93,90.7,USA,23.0,2003-06-30,1,73.78333333333333,0,4,7,7,5,9,0,3,2,3,12,8,3,4,5
2025-26,Regular Season,201142,Kevin Durant,HOU,F,2.108,108.9,USA,37.0,1988-09-29,19,2839.8233333333333,48,30,408,467,530,926,186,450,41,385,372,246,62,71,142
2025-26,Regular Season,1628989,Kevin Huerter,DET,G-F,1.981,86.2,USA,27.0,1998-08-27,8,1549.0766666666666,40,29,55,71,169,271,100,325,34,206,178,72,63,33,115
2025-26,Regular Season,201567,Kevin Love,UTA,F-C,2.083,113.9,USA,37.0,1988-09-07,18,612.8,10,27,37,44,26,57,53,142,55,160,67,30,14,9,54
2025-26,Regular Season,1641755,Kevin McCullar Jr.,NYK,G,1.981,95.3,USA,25.0,2001-03-15,2,154.99333333333334,11,10,2,5,12,23,8,24,11,17,20,12,9,0,22
2025-26,Regular Season,1629645,Kevin Porter Jr.,MIL,G-F,1.956,92.1,USA,26.0,2000-05-04,7,1261.015,18,20,137,156,193,371,46,143,34,164,280,110,83,19,88
2025-26,Regular Season,1626172,Kevon Looney,NOP,F,2.057,100.7,USA,30.0,1996-02-06,11,307.4866666666667,3,18,7,10,23,47,2,13,48,70,34,9,9,10,34
2025-26,Regular Season,1641718,Keyonte George,UTA,G,1.93,83.9,USA,22.0,2003-11-08,3,1786.1083333333333,16,38,337,378,268,520,134,361,23,176,332,166,58,14,120
2025-26,Regular Season,1642863,Khaman Maluach,PHX,C,2.159,113.4,South Sudan,19.0,2006-09-14,1,411.025,22,24,22,31,51,84,5,21,49,84,6,25,5,33,43
2025-26,Regular Season,203114,Khris Middleton,DAL,F,2.007,100.7,USA,34.0,1991-08-12,14,1439.0866666666666,18,45,119,136,160,354,67,186,51,180,176,108,41,9,144
2025-26,Regular Season,1630165,Killian Hayes,SAC,G,1.93,88.5,France,24.0,2001-07-27,6,405.52666666666664,10,13,26,28,25,75,17,63,4,50,81,28,21,4,36
2025-26,Regular Season,202691,Klay Thompson,DAL,G,1.956,99.8,USA,36.0,1990-02-08,15,1496.83,21,48,36,47,84,201,202,527,18,125,96,63,33,22,70
2025-26,Regular Season,1641738,Kobe Brown,IND,F,2.007,113.4,USA,26.0,2000-01-01,3,962.3766666666667,17,44,47,59,75,132,52,139,68,117,80,53,23,12,69
2025-26,Regular Season,1641723,Kobe Bufkin,LAL,G,1.93,88.5,USA,22.0,2003-09-21,3,119.48333333333333,10,6,11,12,10,24,5,26,1,12,10,5,2,3,9
2025-26,Regular Season,1642920,Kobe Sanders,LAC,G,2.032,93.9,USA,24.0,2002-05-30,1,1351.4166666666667,36,32,57,69,99,188,80,196,29,124,109,81,49,10,146
2025-26,Regular Season,1642886,Koby Brea,PHX,G,1.956,97.5,USA,23.0,2002-11-06,1,83.86666666666666,5,7,2,2,2,6,13,30,1,7,10,4,1,0,6
2025-26,Regular Season,1642851,Kon Knueppel,CHA,G-F,1.981,97.5,USA,20.0,2005-08-03,1,2550.7466666666664,44,37,195,226,242,442,273,642,97,335,274,161,57,19,169
2025-26,Regular Season,1627739,Kris Dunn,LAC,G,1.905,93.0,USA,32.0,1994-03-18,10,2230.0,42,40,62,81,147,263,80,214,58,213,295,111,131,14,189
2025-26,Regular Season,1631200,Kris Murray,POR,F,2.032,98.9,USA,25.0,2000-08-19,3,1333.21,28,29,39,57,95,154,34,122,90,116,81,47,51,22,92
2025-26,Regular Season,204001,Kristaps Porziņģis,GSW,F-C,2.184,108.9,Latvia,30.0,1995-08-02,11,768.8916666666667,13,19,133,158,119,228,54,160,40,127,81,41,18,38,92
2025-26,Regular Season,203937,Kyle Anderson,MIN,F-G,2.032,104.3,USA,32.0,1993-09-20,12,853.2366666666667,15,28,48,68,103,191,4,11,42,108,126,39,45,26,96
2025-26,Regular Season,1642271,Kyle Filipowski,UTA,C,2.108,113.4,USA,22.0,2003-11-07,2,1800.9433333333334,21,56,159,212,249,429,74,228,144,408,198,125,73,39,232
2025-26,Regular Season,1628398,Kyle Kuzma,MIL,F,2.032,100.2,USA,30.0,1995-07-24,9,1805.7416666666666,31,38,135,186,256,450,83,239,57,256,184,119,46,28,134
2025-26,Regular Season,200768,Kyle Lowry,PHI,G,1.829,88.9,USA,40.0,1986-03-25,20,118.04,9,5,5,6,0,0,4,25,0,9,11,4,2,2,8
2025-26,Regular Season,1642273,Kyshawn George,WAS,F,2.032,90.7,Switzerland,22.0,2003-12-12,2,1390.9633333333334,10,38,105,131,154,317,99,260,43,202,214,125,48,43,169
2025-26,Regular Season,1643018,LJ Cryer,GSW,G,1.829,,USA,24.0,2001-10-09,1,292.14666666666665,6,12,17,19,10,23,37,94,4,24,18,14,3,0,28
2025-26,Regular Season,1630163,LaMelo Ball,CHA,G,2.007,81.6,USA,24.0,2001-08-22,6,2017.4466666666667,41,31,161,179,234,504,272,740,65,282,514,202,87,18,195
2025-26,Regular Season,1642950,Lachlan Olbrich,CHI,C,2.032,107.0,Australia,22.0,2003-12-30,1,344.2216666666667,9,28,15,40,34,58,2,19,45,67,42,16,12,8,49
2025-26,Regular Season,1629013,Landry Shamet,NYK,G,1.956,86.2,USA,29.0,1997-03-13,8,1171.055,35,16,54,76,56,101,103,263,23,69,72,30,31,9,77
2025-26,Regular Season,1626204,Larry Nance Jr.,CLE,F-C,1.981,111.1,USA,33.0,1993-01-01,11,448.77,25,10,6,13,31,61,21,63,29,64,34,20,21,6,55
2025-26,Regular Season,1628374,Lauri Markkanen,UTA,F-C,2.159,108.9,Finland,29.0,1997-05-22,9,1442.5966666666666,17,25,240,268,269,481,115,324,84,205,89,63,42,21,77
2025-26,Regular Season,1643133,Lawson Lovering,MEM,C,2.134,,USA,23.0,2003-05-09,1,49.265,1,1,2,5,6,10,0,0,6,9,3,2,3,1,7
2025-26,Regular Season,2544,LeBron James,LAL,F,2.057,113.4,USA,41.0,1984-12-30,23,1989.055,39,21,233,316,396,676,77,243,43,321,432,179,72,35,81
2025-26,Regular Season,1641778,Leaky Black,WAS,F,1.981,94.8,USA,27.0,1999-06-14,3,433.07666666666665,1,14,7,8,21,48,19,55,15,60,22,14,18,8,40
2025-26,Regular Season,1631159,Leonard Miller,CHI,F,2.083,99.8,Canada,22.0,2003-11-26,4,718.6616666666666,18,28,39,53,113,163,32,99,54,127,40,36,17,15,65
2025-26,Regular Season,1642862,Liam McNeeley,CHA,F,2.007,95.3,USA,20.0,2005-10-10,1,367.52166666666665,12,19,32,39,14,35,24,60,13,60,24,13,5,3,36
2025-26,Regular Season,1630322,Lindy Waters III,SAS,F,1.956,95.3,USA,28.0,1997-07-28,5,284.6766666666667,31,9,2,3,6,9,27,79,3,26,19,7,6,1,24
2025-26,Regular Season,1628366,Lonzo Ball,CLE,G,1.956,86.2,USA,28.0,1997-10-27,9,727.7433333333333,19,16,14,21,13,29,40,147,26,114,136,52,45,9,46
2025-26,Regular Season,1631351,Lucas Williamson,MEM,G,1.93,93.0,USA,27.0,1999-01-28,1,223.74,0,7,8,8,10,22,15,53,11,27,18,10,11,1,26
2025-26,Regular Season,1629652,Luguentz Dort,OKC,G,1.93,99.8,Canada,27.0,1999-04-19,7,1848.7416666666666,53,16,44,58,74,152,128,372,56,189,85,54,62,27,179
2025-26,Regular Season,1629029,Luka Dončić,LAL,F-G,2.032,104.3,Slovenia,27.0,1999-02-28,8,2288.6016666666665,43,21,503,645,439,763,254,694,41,454,530,255,105,34,153
2025-26,Regular Season,1630568,Luka Garza,BOS,C,2.083,110.2,USA,27.0,1998-12-27,5,1117.9083333333333,47,22,90,117,151,230,55,127,156,125,66,46,27,28,161
2025-26,Regular Season,1628379,Luke Kennard,LAL,G,1.956,93.4,USA,30.0,1996-06-24,9,1680.4766666666667,45,33,63,69,119,198,117,245,32,150,174,60,55,8,101
2025-26,Regular Season,1628436,Luke Kornet,SAS,C-F,2.159,113.4,USA,30.0,1995-07-15,9,1430.08,52,16,94,114,175,272,0,0,181,233,126,28,32,65,120
2025-26,Regular Season,1631247,Luke Travers,CLE,F,1.981,93.9,Australia,24.0,2001-09-03,2,103.09166666666667,6,6,9,9,8,20,1,16,9,15,9,3,7,4,6
2025-26,Regular Season,1630644,Mac McClung,CHI,G,1.88,83.9,USA,27.0,1999-01-06,5,135.175,2,9,14,18,16,29,7,30,2,8,10,9,11,3,19
2025-26,Regular Season,1641869,Malachi Smith,BKN,G,1.93,93.0,USA,26.0,1999-12-06,1,358.82,3,12,8,8,28,53,20,46,12,39,49,14,12,4,13
2025-26,Regular Season,1631103,Malaki Branham,WAS,F,1.93,81.6,USA,23.0,2003-05-12,4,275.47833333333335,7,21,28,34,29,54,14,37,12,32,23,15,10,3,21
2025-26,Regular Season,1642502,Malevy Leons,GSW,F,2.057,95.3,Netherlands,26.0,1999-09-23,2,276.4716666666667,7,18,15,19,28,56,4,16,30,23,23,13,14,9,31
2025-26,Regular Season,1628370,Malik Monk,SAC,G,1.905,90.7,USA,28.0,1998-02-04,9,1363.6433333333334,18,44,94,107,153,318,124,314,15,102,185,91,37,24,99
2025-26,Regular Season,1630699,MarJon Beauchamp,PHI,F,2.007,90.3,USA,25.0,2000-10-12,5,196.11166666666668,7,7,13,19,17,29,16,47,7,25,15,13,9,4,13
2025-26,Regular Season,1631204,Marcus Sasser,DET,G,1.854,88.5,USA,25.0,2000-09-21,3,456.50333333333333,28,10,15,18,25,71,44,106,7,32,75,31,20,4,41
2025-26,Regular Season,203935,Marcus Smart,LAL,G,1.905,99.8,USA,32.0,1994-03-06,12,1768.9783333333332,41,21,106,129,91,183,97,293,36,136,185,92,87,23,162
2025-26,Regular Season,1641813,Mark Sears,MIL,G,1.829,83.9,USA,24.0,2002-02-19,1,26.081666666666667,1,6,6,8,2,5,4,8,1,1,2,4,0,0,4
2025-26,Regular Season,1631109,Mark Williams,PHX,C,2.159,108.9,USA,24.0,2001-12-16,4,1416.05,34,26,135,175,281,437,1,1,185,292,58,65,55,55,132
2025-26,Regular Season,1628365,Markelle Fultz,TOR,G,1.93,94.8,USA,28.0,1998-05-29,9,35.766666666666666,3,2,0,0,2,11,0,0,0,1,8,4,2,0,2
2025-26,Regular Season,1628963,Marvin Bagley III,DAL,F,2.083,106.6,USA,27.0,1999-03-14,8,1200.9033333333334,16,44,95,144,230,359,24,52,150,216,85,61,28,43,123
2025-26,Regular Season,203486,Mason Plumlee,SAS,F-C,2.134,115.2,USA,36.0,1990-03-05,13,171.48833333333334,10,10,9,14,11,14,0,0,17,36,20,12,10,0,17
2025-26,Regular Season,1641824,Matas Buzelis,CHI,F,2.032,88.9,USA,21.0,2004-10-13,3,2248.2483333333334,28,49,187,238,273,468,173,495,77,371,158,159,55,116,177
2025-26,Regular Season,1629680,Matisse Thybulle,POR,G-F,1.956,91.6,USA,29.0,1997-03-04,7,479.65,17,13,21,25,21,41,37,93,17,42,27,28,60,16,43
2025-26,Regular Season,1631108,Max Christie,DAL,G,1.956,86.2,USA,23.0,2003-02-10,4,2244.48,24,53,125,139,140,279,180,446,15,234,151,96,47,27,98
2025-26,Regular Season,1642917,Max Shulga,BOS,G,1.93,95.3,Ukraine,24.0,2002-06-25,1,36.275,8,3,2,2,1,4,1,4,3,3,2,3,1,0,10
2025-26,Regular Season,1629622,Max Strus,CLE,G-F,1.956,97.5,USA,30.0,1996-03-28,7,288.295,9,3,7,9,14,24,33,82,9,56,24,9,3,0,34
2025-26,Regular Season,1628467,Maxi Kleber,LAL,F,2.083,108.9,Germany,34.0,1992-01-29,9,461.01,20,23,14,26,27,47,6,26,36,48,27,17,18,11,60
2025-26,Regular Season,1642875,Maxime Raynaud,SAC,C,2.159,113.4,France,23.0,2003-04-07,1,1963.88,21,53,132,168,359,597,24,74,142,414,100,94,38,39,170
2025-26,Regular Season,1642877,Micah Peavy,NOP,G-F,2.007,97.5,USA,24.0,2001-07-16,1,912.935,17,44,22,29,78,167,28,108,46,71,61,20,43,9,96
2025-26,Regular Season,1630695,Micah Potter,IND,C,2.057,112.5,USA,28.0,1998-04-06,5,908.3166666666667,11,36,85,101,80,125,71,168,58,175,69,47,22,15,82
2025-26,Regular Season,1629008,Michael Porter Jr.,BKN,F,2.083,98.9,USA,28.0,1998-06-29,8,1688.6033333333332,14,38,195,227,268,473,176,485,69,298,158,122,55,13,116
2025-26,Regular Season,1628969,Mikal Bridges,NYK,G-F,1.981,94.8,USA,29.0,1996-08-30,8,2691.935,53,29,81,98,316,543,156,420,79,233,304,83,107,62,160
2025-26,Regular Season,201144,Mike Conley,MIN,G,1.854,79.4,USA,38.0,1987-10-11,19,991.2983333333333,33,21,45,50,16,49,56,166,18,75,157,34,35,14,84
2025-26,Regular Season,1628970,Miles Bridges,CHA,F,2.007,102.1,USA,28.0,1998-03-21,8,2387.2316666666666,42,35,208,253,331,597,148,445,75,375,246,107,46,34,131
2025-26,Regular Season,1642939,Miles Kelly,DAL,G,1.93,86.2,USA,23.0,2003-01-26,1,133.72333333333333,7,7,1,1,6,11,10,33,5,19,12,6,4,1,12
2025-26,Regular Season,1630540,Miles McBride,NYK,G,1.88,88.5,USA,25.0,2000-09-08,5,1080.035,25,16,37,47,59,133,112,271,24,76,106,33,35,9,70
2025-26,Regular Season,1629011,Mitchell Robinson,NYK,C-F,2.134,108.9,USA,28.0,1998-04-01,8,1174.5016666666668,40,20,42,103,149,206,0,0,252,273,52,41,56,70,127
2025-26,Regular Season,1628964,Mo Bamba,UTA,C,2.134,104.8,USA,28.0,1998-05-12,8,43.8,3,1,0,0,5,11,0,0,10,12,1,2,0,3,6
2025-26,Regular Season,1642885,Mohamed Diawara,NYK,F,2.057,102.1,France,21.0,2005-04-29,1,634.1516666666666,42,27,18,24,42,83,48,130,15,79,53,30,17,6,50
2025-26,Regular Season,1628420,Monte Morris,IND,G,1.88,83.0,USA,31.0,1995-06-27,9,64.61666666666666,0,6,2,4,5,12,2,8,1,6,9,2,1,1,3
2025-26,Regular Season,1629021,Moritz Wagner,ORL,F-C,2.108,111.1,Germany,29.0,1997-04-26,8,426.595,21,15,59,72,61,125,22,70,27,88,27,19,15,2,58
2025-26,Regular Season,1630541,Moses Moody,GSW,G,1.956,95.7,USA,24.0,2002-05-31,5,1539.8983333333333,30,30,87,113,94,180,151,377,51,149,98,57,58,34,122
2025-26,Regular Season,1631338,Mouhamadou Gueye,CHI,F,2.057,95.3,USA,27.0,1998-07-06,3,45.44166666666667,0,2,3,4,5,6,1,5,2,4,6,3,2,1,4
2025-26,Regular Season,1631243,Mouhamed Gueye,ATL,F,2.108,95.3,Senegal,23.0,2002-11-09,3,1178.8366666666666,44,33,40,62,91,160,40,130,89,186,69,33,61,39,127
2025-26,Regular Season,1630619,Moussa Cisse,DAL,C,2.108,99.8,Guinea,23.0,2002-09-10,1,529.58,11,27,38,81,66,115,0,0,89,127,9,30,19,45,73
2025-26,Regular Season,1631217,Moussa Diabaté,CHA,F,2.083,95.3,France,24.0,2002-01-21,4,1898.9566666666667,40,33,116,176,228,361,1,2,273,362,141,73,56,72,176
2025-26,Regular Season,1626167,Myles Turner,MIL,C-F,2.108,113.4,USA,30.0,1996-03-24,11,1911.8033333333333,30,41,131,177,137,262,147,384,75,303,103,83,50,115,185
2025-26,Regular Season,1642066,Myron Gardner,MIA,F,1.956,99.8,USA,25.0,2001-05-21,1,410.505,24,21,19,26,33,59,26,64,39,83,44,17,20,8,78
2025-26,Regular Season,1642368,N'Faly Dante,ATL,C,2.108,104.3,Mali,24.0,2001-10-19,2,15.416666666666666,3,1,1,1,1,4,0,0,3,4,0,1,2,0,1
2025-26,Regular Season,1641772,Nae'Qwan Tomlin,CLE,F,2.032,95.3,USA,25.0,2000-12-19,2,1003.6383333333333,42,22,47,61,123,199,27,115,86,100,53,29,41,34,125
2025-26,Regular Season,1630230,Naji Marshall,DAL,F,1.981,99.8,USA,28.0,1998-01-24,6,2183.74,25,49,228,300,357,608,62,213,65,283,241,119,82,6,143
2025-26,Regular Season,1631466,Nate Williams,GSW,G,1.956,93.0,USA,27.0,1999-02-12,4,239.17,2,12,13,15,30,58,13,30,20,10,14,15,5,0,26
2025-26,Regular Season,1629675,Naz Reid,MIN,C-F,2.057,119.7,USA,26.0,1999-08-26,7,2007.35,46,31,90,123,235,423,162,448,90,387,170,126,76,78,195
2025-26,Regular Season,1629674,Neemias Queta,BOS,C,2.134,112.5,Portugal,26.0,1999-07-13,5,1926.2066666666667,52,24,123,175,325,491,1,8,230,406,126,75,60,100,216
2025-26,Regular Season,1629651,Nic Claxton,BKN,C,2.108,97.5,USA,27.0,1999-04-17,7,1920.3666666666666,17,52,141,229,330,564,3,19,168,310,253,96,45,77,158
2025-26,Regular Season,1630208,Nick Richards,CHI,C,2.108,111.1,Jamaica,28.0,1997-11-29,6,700.71,20,28,65,101,98,183,5,18,77,166,16,59,10,32,88
2025-26,Regular Season,1641733,Nick Smith Jr.,LAL,G,1.88,83.9,USA,22.0,2004-04-18,3,374.87666666666667,15,15,11,15,36,75,34,86,3,20,31,21,9,2,28
2025-26,Regular Season,1629638,Nickeil Alexander-Walker,ATL,G,1.956,93.0,Canada,27.0,1998-09-02,7,2603.1766666666667,43,35,277,307,297,566,251,629,52,216,286,162,102,42,173
2025-26,Regular Season,201587,Nicolas Batum,LAC,G-F,2.007,104.3,France,37.0,1988-12-14,18,1294.595,39,35,9,11,4,10,92,228,23,161,64,37,47,23,100
2025-26,Regular Season,1628502,Nigel Hayes-Davis,PHX,F,2.007,115.2,USA,31.0,1994-12-16,9,195.21333333333334,15,12,2,4,13,30,2,16,12,21,7,8,8,2,16
2025-26,Regular Season,203999,Nikola Jokić,DEN,C,2.108,128.8,Serbia,31.0,1995-02-19,11,2264.855,43,22,399,480,532,837,112,295,192,644,697,243,92,53,173
2025-26,Regular Season,1631107,Nikola Jović,MIA,F,2.083,93.0,Serbia,23.0,2003-06-09,4,808.0183333333333,24,23,69,101,70,147,45,167,25,128,102,65,26,17,65
2025-26,Regular Season,1642260,Nikola Topić,OKC,G,1.981,90.7,Serbia,20.0,2005-08-10,2,160.08333333333334,6,4,2,5,16,36,6,15,7,12,44,25,5,0,13
2025-26,Regular Season,202696,Nikola Vučević,BOS,C,2.057,120.2,Montenegro,35.0,1990-10-24,15,1818.1183333333333,35,29,77,93,294,528,100,271,125,412,213,85,39,41,127
2025-26,Regular Season,1642363,Nique Clifford,SAC,G,1.956,79.4,USA,24.0,2002-02-09,1,1881.925,21,54,70,97,172,365,77,231,65,217,179,116,68,24,156
2025-26,Regular Season,1642855,Noa Essengue,CHI,F,2.032,88.0,France,19.0,2006-12-18,1,6.033333333333333,1,1,0,0,0,1,0,2,0,0,0,0,1,0,1
2025-26,Regular Season,1641730,Noah Clowney,BKN,F-C,2.083,95.3,USA,21.0,2004-07-14,3,1780.0633333333333,17,49,180,224,121,239,129,392,52,221,108,102,50,45,168
2025-26,Regular Season,1642869,Noah Penda,ORL,G-F,2.007,97.5,France,21.0,2005-01-07,1,757.275,30,29,33,48,52,110,30,93,67,120,70,42,30,18,70
2025-26,Regular Season,1642849,Nolan Traore,BKN,G,1.905,83.9,France,20.0,2006-05-28,1,1243.3916666666667,14,42,74,94,121,287,61,192,14,85,213,129,45,23,119
2025-26,Regular Season,1641807,Norchad Omier,LAC,F,2.007,112.5,Nicaragua,24.0,2001-08-28,1,23.666666666666668,5,1,3,3,7,9,0,1,4,3,2,0,1,0,4
2025-26,Regular Season,1626181,Norman Powell,MIA,G,1.905,97.5,USA,33.0,1993-05-25,11,1716.9366666666667,29,29,263,318,265,485,156,410,22,180,143,111,64,14,127
2025-26,Regular Season,1628384,OG Anunoby,NYK,F-G,2.007,108.9,United Kingdom,28.0,1997-07-17,9,2223.8716666666664,45,22,183,221,232,397,157,407,85,266,145,123,104,48,164
2025-26,Regular Season,1630167,Obi Toppin,IND,F,2.057,99.8,USA,28.0,1998-03-04,6,423.725,4,20,42,46,63,94,37,105,13,93,55,28,12,1,28
2025-26,Regular Season,1630534,Ochai Agbaji,BKN,G,1.956,97.5,USA,26.0,2000-04-20,4,973.2033333333334,28,34,36,43,88,152,34,128,46,95,47,31,24,17,93
2025-26,Regular Season,1630846,Olivier Sarr,CLE,C,2.083,108.9,France,27.0,1999-02-20,5,39.35,3,1,2,5,3,4,2,3,2,9,5,2,2,3,9
2025-26,Regular Season,1641765,Olivier-Maxence Prosper,MEM,F,2.007,104.3,Canada,23.0,2002-07-03,3,983.5916666666667,16,37,86,114,132,202,60,148,59,128,51,47,40,13,83
2025-26,Regular Season,1630209,Omer Yurtseven,GSW,C,2.108,124.7,Turkey,28.0,1998-06-19,6,103.955,3,6,12,18,11,22,0,4,13,17,8,9,2,1,15
2025-26,Regular Season,1630168,Onyeka Okongwu,ATL,F-C,2.083,108.9,USA,25.0,2000-12-11,6,2296.9683333333332,41,33,153,202,269,477,144,383,140,422,231,127,82,79,243
2025-26,Regular Season,1631115,Orlando Robinson,ORL,C,2.083,106.6,USA,25.0,2000-07-10,4,24.816666666666666,2,2,0,0,2,3,1,2,2,2,3,0,1,0,3
2025-26,Regular Season,1631131,Oscar Tshiebwe,UTA,F-C,2.032,115.7,DRC,26.0,1999-11-27,3,448.42,3,24,27,49,92,145,0,0,77,102,32,21,16,5,39
2025-26,Regular Season,1642345,Oso Ighodaro,PHX,F,2.108,106.6,USA,23.0,2002-07-14,2,1808.37,45,37,53,117,239,365,0,1,138,280,185,101,73,57,218
2025-26,Regular Season,1631172,Ousmane Dieng,MIL,F,2.057,83.9,France,23.0,2003-05-21,4,1099.4716666666666,33,24,32,45,105,213,63,185,29,151,136,75,25,17,78
2025-26,Regular Season,1629023,P.J. Washington,DAL,F,2.007,104.3,USA,27.0,1998-08-23,7,1735.62,16,40,125,182,220,424,76,234,84,310,98,94,55,60,119
2025-26,Regular Season,1641790,PJ Hall,CHA,C,2.032,111.1,USA,24.0,2002-02-21,2,213.37833333333333,7,12,23,29,27,54,3,5,33,42,10,16,3,10,22
2025-26,Regular Season,1642359,Pacôme Dadiet,NYK,F,2.057,95.3,France,20.0,2005-07-27,2,135.76,18,11,9,11,9,16,7,32,4,23,12,3,3,1,8
2025-26,Regular Season,1631094,Paolo Banchero,ORL,F,2.083,113.4,USA,23.0,2002-11-12,4,2501.685,38,34,457,590,445,877,84,275,85,519,373,222,51,40,144
2025-26,Regular Season,1627783,Pascal Siakam,IND,F,2.032,111.1,Cameroon,32.0,1994-04-02,10,2056.6516666666666,17,45,262,378,454,862,105,293,89,322,236,138,69,25,147
2025-26,Regular Season,1626192,Pat Connaughton,CHA,G,1.956,94.8,USA,33.0,1993-01-06,11,296.5183333333333,25,17,13,20,17,33,21,52,15,46,18,11,11,1,9
2025-26,Regular Season,1630311,Pat Spencer,GSW,G,1.88,93.0,USA,29.0,1996-07-04,3,1228.9266666666667,30,36,44,57,126,268,60,168,51,107,232,85,48,5,75
2025-26,Regular Season,1631116,Patrick Baldwin Jr.,SAC,F,2.134,99.8,USA,23.0,2002-11-18,4,102.47166666666666,3,6,5,7,5,13,6,14,12,11,5,5,3,5,15
2025-26,Regular Season,1630172,Patrick Williams,CHI,F,1.981,106.6,USA,24.0,2001-08-26,6,1473.78,24,48,54,75,83,204,95,274,49,166,105,75,49,26,93
2025-26,Regular Season,202331,Paul George,PHI,F,2.032,104.3,USA,36.0,1990-05-02,16,1135.0316666666668,22,15,91,111,125,258,100,255,20,176,133,64,62,16,84
2025-26,Regular Season,1630194,Paul Reed,DET,F,2.057,95.3,USA,27.0,1999-06-14,6,900.6283333333333,47,18,73,110,196,299,13,40,130,164,80,58,57,60,120
2025-26,Regular Season,1630202,Payton Pritchard,BOS,G,1.854,88.5,USA,28.0,1998-01-28,6,2555.5233333333335,54,25,121,136,294,529,212,562,69,243,408,109,58,10,118
2025-26,Regular Season,1642362,Payton Sandfort,OKC,F,2.007,97.5,USA,23.0,2002-07-12,1,63.333333333333336,2,2,2,4,6,9,7,17,1,9,0,1,1,0,8
2025-26,Regular Season,1641796,Pelle Larsson,MIA,G,1.956,97.5,Sweden,25.0,2001-02-23,2,1849.1433333333334,38,32,184,231,215,367,62,192,69,175,236,101,49,16,148
2025-26,Regular Season,1631250,Pete Nance,MIL,F,2.057,102.1,USA,26.0,2000-02-19,3,737.0983333333334,14,33,4,11,50,75,50,119,27,98,48,26,14,14,62
2025-26,Regular Season,1631212,Peyton Watson,DEN,G,2.032,90.7,USA,23.0,2002-09-11,4,1597.7583333333334,36,18,138,189,204,384,81,197,49,215,111,93,50,61,136
2025-26,Regular Season,1630173,Precious Achiuwa,SAC,F,2.032,110.2,Nigeria,26.0,1999-09-19,6,1745.185,20,53,77,139,289,501,27,97,177,315,101,65,65,50,123
2025-26,Regular Season,1629656,Quentin Grimes,PHI,G,1.956,93.9,USA,26.0,2000-05-08,5,2205.721666666667,42,33,199,237,213,375,127,380,46,227,244,133,64,28,155
2025-26,Regular Season,1631245,Quenton Jackson,IND,G,1.93,78.5,USA,27.0,1998-09-15,4,897.425,10,39,98,119,112,210,42,118,28,86,140,62,31,6,82
2025-26,Regular Season,1642366,Quinten Post,GSW,C,2.134,108.0,Netherlands,26.0,2000-03-21,2,1159.1983333333333,32,35,34,43,100,162,93,277,68,201,94,56,26,35,125
2025-26,Regular Season,1629628,RJ Barrett,TOR,F-G,1.981,97.1,Canada,26.0,2000-06-14,7,1725.76,34,23,200,279,305,533,96,283,55,245,189,99,42,19,147
2025-26,Regular Season,1642853,Rasheer Fleming,PHX,F,2.057,108.9,USA,21.0,2004-07-10,1,673.4016666666666,29,26,19,34,42,85,45,130,57,67,16,29,22,21,64
2025-26,Regular Season,1642484,RayJ Dennis,ATL,G,1.854,81.6,USA,25.0,2001-03-30,2,206.23333333333332,3,14,8,9,12,38,14,45,8,18,33,17,4,4,21
2025-26,Regular Season,1641712,Rayan Rupert,MEM,G-F,2.007,93.0,France,22.0,2004-05-31,3,1072.545,29,35,42,54,79,177,44,136,48,140,68,55,55,9,124
2025-26,Regular Season,1642263,Reed Sheppard,HOU,G,1.88,83.9,USA,22.0,2004-06-24,2,2146.923333333333,52,30,69,86,180,370,227,576,28,210,277,123,122,54,166
2025-26,Regular Season,1642434,Riley Minix,CLE,F,2.007,104.3,USA,25.0,2000-09-22,2,58.083333333333336,7,2,3,3,10,11,4,12,2,4,5,3,2,1,5
2025-26,Regular Season,1642265,Rob Dillingham,CHI,G,1.88,79.4,USA,21.0,2005-01-04,2,969.9533333333334,29,36,41,55,121,279,42,133,19,112,143,100,47,6,114
2025-26,Regular Season,1629057,Robert Williams III,POR,C-F,2.057,112.9,USA,28.0,1997-10-17,8,1008.2133333333334,30,29,34,57,168,227,9,23,141,274,60,49,35,87,74
2025-26,Regular Season,1642911,Rocco Zikarsky,MIN,C,2.21,103.0,Australia,19.0,2006-07-11,1,36.483333333333334,1,4,4,4,5,8,0,0,2,12,2,1,0,5,3
2025-26,Regular Season,1631199,Ron Harper Jr.,BOS,G-F,1.956,105.7,USA,26.0,2000-04-12,4,317.52666666666664,22,7,3,4,18,30,28,80,15,33,22,8,10,9,20
2025-26,Regular Season,1641842,Ronald Holland II,DET,F,2.032,93.4,USA,20.0,2005-07-07,3,1550.4483333333333,56,22,120,149,185,346,50,198,83,232,95,96,92,27,183
2025-26,Regular Season,1626220,Royce O'Neale,PHX,F,1.981,102.5,USA,33.0,1993-06-05,9,2213.0533333333333,43,35,27,38,51,105,212,520,59,313,208,103,84,32,177
2025-26,Regular Season,203497,Rudy Gobert,MIN,C,2.159,117.0,France,34.0,1992-06-26,13,2380.0466666666666,46,30,159,302,335,486,0,5,299,573,128,106,58,124,199
2025-26,Regular Season,1629060,Rui Hachimura,LAL,F,2.032,104.3,Japan,28.0,1998-02-08,7,1926.565,47,21,50,72,191,335,116,262,41,185,57,42,39,21,110
2025-26,Regular Season,201566,Russell Westbrook,SAC,G,1.93,90.7,USA,37.0,1988-11-12,18,1852.57,16,48,127,183,230,460,128,379,80,268,426,209,83,12,147
2025-26,Regular Season,1642346,Ryan Dunn,PHX,F,2.007,98.0,USA,23.0,2003-01-07,2,1355.245,40,30,23,47,108,193,56,169,99,198,102,56,60,29,130
2025-26,Regular Season,1641750,Ryan Kalkbrenner,CHA,C,2.159,116.1,USA,24.0,2002-01-17,1,1479.1316666666667,39,30,83,116,219,286,0,5,167,210,54,62,32,101,107
2025-26,Regular Season,1642948,Ryan Nembhard,DAL,G,1.803,81.6,Canada,23.0,2003-03-10,1,1170.88,20,40,25,31,114,255,48,135,13,120,316,85,25,2,86
2025-26,Regular Season,1631157,Ryan Rollins,MIL,G,1.905,81.6,USA,23.0,2002-07-03,4,2375.483333333333,29,45,125,157,302,577,184,453,54,284,414,201,110,31,193
2025-26,Regular Season,1630180,Saddiq Bey,NOP,G-F,2.032,97.5,USA,27.0,1999-04-09,6,2245.575,24,48,248,295,285,555,151,412,121,279,182,68,68,7,95
2025-26,Regular Season,1630573,Sam Hauser,BOS,F,2.007,98.4,USA,28.0,1997-12-08,5,1934.15,54,24,17,20,54,97,198,504,56,244,114,35,38,23,113
2025-26,Regular Season,1630241,Sam Merrill,CLE,G,1.93,93.0,USA,30.0,1996-05-15,6,1377.0733333333333,37,15,59,69,65,109,158,375,28,105,125,42,33,7,127
2025-26,Regular Season,1630572,Sandro Mamukelashvili,TOR,F-C,2.057,108.9,Georgia,27.0,1999-05-23,5,1750.6916666666666,44,36,118,158,215,335,115,296,108,287,151,67,64,41,147
2025-26,Regular Season,1630583,Santi Aldama,MEM,F-C,2.134,97.5,Spain,25.0,2001-01-10,5,1198.0783333333334,19,24,76,114,158,276,70,200,67,220,126,55,37,31,69
2025-26,Regular Season,1630703,Scoot Henderson,POR,G,1.905,93.9,USA,22.0,2004-02-03,5,747.83,18,12,84,100,86,180,57,162,18,62,112,73,27,9,85
2025-26,Regular Season,1630567,Scottie Barnes,TOR,F-G,2.032,107.5,USA,24.0,2001-08-01,5,2680.7766666666666,45,35,242,297,501,899,68,224,149,451,474,210,114,116,211
2025-26,Regular Season,1630590,Scotty Pippen Jr.,MEM,G,1.88,77.1,USA,25.0,2000-11-10,4,211.86666666666667,2,8,18,23,33,64,10,32,8,14,47,27,19,4,31
2025-26,Regular Season,1642951,Sean Pedulla,LAC,G,1.854,88.5,USA,23.0,2002-10-10,1,31.0,4,3,0,0,2,5,3,10,0,3,5,1,0,0,4
2025-26,Regular Season,203552,Seth Curry,GSW,G,1.854,83.9,USA,35.0,1990-08-23,13,133.0,1,9,11,12,12,24,12,25,4,8,10,2,3,0,7
2025-26,Regular Season,1631101,Shaedon Sharpe,POR,G,1.956,95.3,Canada,23.0,2003-05-30,4,1471.3016666666667,24,26,155,197,289,562,103,306,51,166,132,147,70,6,98
2025-26,Regular Season,1628983,Shai Gilgeous-Alexander,OKC,G,1.981,88.5,Canada,27.0,1998-07-12,8,2258.9466666666667,56,12,540,614,616,1023,115,298,38,254,448,151,95,52,139
2025-26,Regular Season,1630536,Sharife Cooper,WAS,G,1.829,79.8,USA,25.0,2001-06-11,5,699.9983333333333,6,35,50,60,98,171,29,76,18,68,124,61,16,5,61
2025-26,Regular Season,1631321,Sidy Cissoko,POR,G,1.981,99.8,France,22.0,2004-04-02,4,1435.055,39,36,58,88,74,136,59,198,62,104,110,70,52,25,183
2025-26,Regular Season,1631323,Simone Fontecchio,MIA,F,2.007,94.8,Italy,30.0,1995-12-09,4,1172.47,36,34,86,102,71,143,123,328,56,155,101,49,37,9,104
2025-26,Regular Season,1642883,Sion James,CHA,G,1.956,99.8,USA,23.0,2002-12-04,1,1843.28,44,38,82,98,55,136,83,236,49,238,163,65,52,20,148
2025-26,Regular Season,1627746,Skal Labissiere,WAS,F-C,2.083,106.6,Haiti,30.0,1996-03-18,10,37.55,2,1,0,0,5,5,1,5,3,6,3,1,2,1,3
2025-26,Regular Season,1642461,Spencer Jones,DEN,F,2.007,102.1,USA,25.0,2001-06-14,2,1416.79,41,23,31,51,75,118,57,144,75,134,51,31,52,29,175
2025-26,Regular Season,1630649,Stanley Umude,SAS,G,1.981,95.3,USA,27.0,1999-04-12,4,6.566666666666666,2,0,0,0,1,1,0,1,0,0,1,0,1,0,2
2025-26,Regular Season,201939,Stephen Curry,GSW,G,1.88,83.9,USA,38.0,1988-03-14,17,1328.7283333333332,24,19,204,221,184,315,190,484,17,137,203,121,49,17,75
2025-26,Regular Season,1642264,Stephon Castle,SAS,G,1.981,97.5,USA,21.0,2004-11-01,2,2037.7433333333333,51,17,282,384,304,573,81,244,98,264,502,217,78,19,222
2025-26,Regular Season,203500,Steven Adams,HOU,C,2.108,120.2,New Zealand,32.0,1993-07-20,13,730.365,21,11,47,81,70,139,0,0,145,131,48,35,22,20,55
2025-26,Regular Season,1629004,Svi Mykhailiuk,UTA,G-F,2.007,93.0,Ukraine,29.0,1997-06-10,8,1155.6116666666667,14,36,25,28,75,122,98,240,36,88,93,42,26,3,63
2025-26,Regular Season,204456,T.J. McConnell,IND,G,1.854,86.2,USA,34.0,1992-03-25,11,962.505,15,41,25,29,226,400,16,50,22,102,287,64,56,10,62
2025-26,Regular Season,1643007,Taelon Peter,IND,G,1.905,83.9,USA,24.0,2002-02-27,1,492.23,6,32,10,16,19,33,41,125,10,49,40,27,26,4,38
2025-26,Regular Season,201959,Taj Gibson,MEM,F,2.057,105.2,USA,41.0,1985-06-24,17,96.87333333333333,1,9,7,8,9,20,3,6,11,16,6,1,2,1,14
2025-26,Regular Season,1631106,Tari Eason,HOU,F,2.032,97.5,USA,25.0,2001-05-10,4,1549.105,38,22,52,67,148,320,93,260,124,252,90,81,72,28,138
2025-26,Regular Season,1627752,Taurean Prince,MIL,F,1.981,98.9,USA,32.0,1994-03-22,10,611.3033333333333,10,16,6,6,25,51,61,140,4,77,46,31,16,6,48
2025-26,Regular Season,1641707,Taylor Hendricks,MEM,F,2.057,97.5,USA,22.0,2003-11-22,3,1118.465,12,47,49,72,100,171,63,184,65,156,55,50,50,30,99
2025-26,Regular Season,1629611,Terance Mann,BKN,G-F,1.981,97.5,USA,29.0,1996-10-18,7,1529.0166666666667,15,48,63,80,112,214,56,154,70,130,190,71,41,15,155
2025-26,Regular Season,1630545,Terrence Shannon Jr.,MIN,G-F,1.981,97.5,USA,25.0,2000-07-30,2,537.675,24,19,56,70,46,95,31,76,10,39,38,24,14,1,50
2025-26,Regular Season,203648,Thanasis Antetokounmpo,MIL,F,2.007,99.3,Greece,33.0,1992-07-18,11,147.95833333333334,9,25,17,30,15,28,0,4,12,18,15,10,13,6,18
2025-26,Regular Season,1628418,Thomas Bryant,CLE,C-F,2.057,112.5,USA,28.0,1997-07-31,9,731.8166666666667,37,23,53,66,88,136,47,131,59,146,33,28,18,26,75
2025-26,Regular Season,1642275,Tidjane Salaün,CHA,F,2.083,93.9,France,20.0,2005-08-10,2,575.38,19,18,26,40,44,76,36,83,26,123,27,26,16,7,54
2025-26,Regular Season,203501,Tim Hardaway Jr.,DEN,G-F,1.956,93.0,USA,34.0,1992-03-16,13,2127.3,52,28,159,196,124,229,224,550,17,189,108,43,42,10,100
2025-26,Regular Season,202699,Tobias Harris,DET,F,2.032,102.5,USA,33.0,1992-07-15,15,1745.45,46,17,136,157,227,436,82,223,55,268,157,63,58,26,107
2025-26,Regular Season,1643253,Toby Okani,MEM,F,2.032,95.3,USA,24.0,2001-10-05,1,217.09,0,6,1,8,16,39,9,31,9,12,6,3,4,3,20
2025-26,Regular Season,1642449,Tolu Smith,DET,F,2.108,,USA,25.0,2000-07-26,2,137.44166666666666,11,4,20,30,18,36,0,0,22,27,13,7,2,6,23
2025-26,Regular Season,1628396,Tony Bradley,ATL,C-F,2.083,112.5,USA,28.0,1998-01-08,9,450.68666666666667,10,31,32,43,62,113,2,4,60,56,22,18,6,7,62
2025-26,Regular Season,1641787,Tosan Evbuomwan,CHA,F,2.032,98.4,United Kingdom,25.0,2001-02-16,3,7.713333333333333,4,1,0,0,0,1,0,0,1,1,0,0,0,0,1
2025-26,Regular Season,1641739,Toumani Camara,POR,F,2.007,104.3,Belgium,26.0,2000-05-08,3,2731.2366666666667,42,40,97,137,173,299,219,592,129,292,201,144,94,35,237
2025-26,Regular Season,1629027,Trae Young,WAS,G,1.88,74.4,USA,27.0,1998-09-19,8,383.75333333333333,2,13,80,97,54,97,27,80,4,26,120,39,13,2,33
2025-26,Regular Season,1631218,Trayce Jackson-Davis,TOR,F,2.057,111.1,USA,26.0,2000-02-22,3,496.0366666666667,29,24,38,74,70,123,1,1,66,79,39,23,17,24,45
2025-26,Regular Season,1642848,Tre Johnson,WAS,G,1.956,86.2,USA,20.0,2006-03-07,1,1442.8166666666666,12,48,76,87,156,326,115,321,29,141,122,93,33,18,122
2025-26,Regular Season,1630200,Tre Jones,CHI,G,1.854,86.2,USA,26.0,2000-01-08,6,1752.3733333333332,27,38,191,227,300,487,41,130,38,166,350,92,76,11,94
2025-26,Regular Season,1630544,Tre Mann,CHA,G,1.93,80.7,USA,25.0,2001-02-03,5,668.4583333333334,30,23,23,27,59,148,50,155,20,72,86,54,25,5,69
2025-26,Regular Season,1630570,Trendon Watford,PHI,G-F,2.032,111.1,USA,25.0,2000-11-09,5,863.7166666666667,27,26,60,77,128,218,10,50,38,136,132,64,16,22,107
2025-26,Regular Season,1642280,Trentyn Flowers,CHI,F,2.057,83.9,USA,21.0,2005-03-08,2,5.55,0,2,0,0,2,2,0,1,1,0,1,1,0,0,1
2025-26,Regular Season,1630286,Trevon Scott,BKN,F,2.032,102.1,USA,29.0,1996-11-25,5,182.235,2,4,4,6,13,31,6,19,10,21,10,4,8,5,12
2025-26,Regular Season,1631211,Trevor Keels,MIA,G,1.905,97.5,USA,22.0,2003-08-26,4,14.946666666666667,6,2,0,0,1,3,2,9,0,2,0,0,1,0,0
2025-26,Regular Season,1641725,Trey Alexander,NOP,G,1.956,83.9,USA,23.0,2003-05-02,2,110.64333333333333,2,7,3,5,13,25,6,12,1,10,9,3,6,2,13
2025-26,Regular Season,1641998,Trey Jemison III,NYK,C,2.083,122.5,USA,26.0,1999-11-28,3,81.58833333333334,10,3,1,1,6,10,0,0,8,10,5,10,1,2,11
2025-26,Regular Season,1630530,Trey Murphy III,NOP,F,2.032,93.4,USA,26.0,2000-06-18,5,2340.6383333333333,21,45,218,246,280,485,214,565,63,314,250,120,99,24,138
2025-26,Regular Season,1642400,Tristan Enaruna,CLE,F,2.007,99.8,Netherlands,25.0,2001-06-26,1,85.13333333333334,8,1,6,8,11,18,3,10,7,7,7,3,5,0,3
2025-26,Regular Season,1641774,Tristan Vukcevic,WAS,F,2.134,99.8,Italy,23.0,2003-03-11,3,670.98,8,41,87,111,102,173,50,144,32,115,55,62,23,33,82
2025-26,Regular Season,1641783,Tristan da Silva,ORL,F,2.032,98.4,Germany,25.0,2001-05-15,2,1899.4566666666667,43,34,84,95,159,299,120,321,58,226,124,69,68,25,117
2025-26,Regular Season,1641803,Tristen Newton,HOU,G,1.956,86.2,USA,25.0,2001-04-26,2,12.0,1,0,2,3,2,4,2,5,2,1,0,0,1,0,0
2025-26,Regular Season,1629660,Ty Jerome,MEM,G-F,1.956,88.5,USA,28.0,1997-07-08,7,338.68833333333333,3,12,49,56,60,115,42,100,11,31,85,27,16,4,31
2025-26,Regular Season,1631102,TyTy Washington Jr.,LAC,G,1.905,88.5,USA,24.0,2001-11-15,4,88.12833333333333,8,8,0,0,6,11,3,8,1,5,17,3,6,3,7
2025-26,Regular Season,1631174,Tyler Burton,MEM,F,2.007,97.5,USA,26.0,2000-02-11,1,306.74333333333334,2,10,23,27,20,46,22,66,8,42,12,11,11,4,31
2025-26,Regular Season,1629639,Tyler Herro,MIA,G,1.956,88.5,USA,26.0,2000-01-20,7,1032.6533333333334,14,19,99,108,163,293,84,222,14,144,136,64,23,12,62
2025-26,Regular Season,1642278,Tyler Kolek,NYK,G,1.88,88.5,USA,25.0,2001-03-27,2,727.1616666666666,39,23,14,20,64,134,44,114,16,82,170,55,22,4,65
2025-26,Regular Season,1641890,Tyler Smith,DAL,F,2.057,101.6,USA,21.0,2004-11-02,3,165.58333333333334,2,10,4,6,11,15,10,35,12,21,5,6,6,0,13
2025-26,Regular Season,1631213,Tyrese Martin,PHI,F,1.981,97.5,USA,27.0,1999-03-07,4,776.61,12,34,19,28,56,112,53,165,34,82,78,40,25,6,33
2025-26,Regular Season,1630178,Tyrese Maxey,PHI,G,1.88,90.7,USA,25.0,2000-11-04,6,2661.1183333333333,38,32,372,417,474,902,220,599,24,266,461,171,130,55,151
2025-26,Regular Season,1642878,Tyrese Proctor,CLE,G,1.93,83.9,Australia,22.0,2004-04-01,1,545.0866666666667,33,17,40,45,47,94,46,131,11,53,74,40,25,0,59
2025-26,Regular Season,1630623,Tyson Etienne,BKN,G,1.829,90.7,USA,26.0,1999-09-17,2,380.01666666666665,5,19,30,36,15,37,43,108,5,22,40,16,11,0,47
2025-26,Regular Season,1626145,Tyus Jones,DEN,G,1.829,88.9,USA,30.0,1996-05-10,11,978.5783333333334,37,30,7,9,36,81,40,137,12,64,159,25,37,3,31
2025-26,Regular Season,1642845,VJ Edgecombe,PHI,G,1.93,86.2,USA,20.0,2005-07-30,1,2623.305,43,32,148,181,302,609,149,421,122,301,315,137,107,39,214
2025-26,Regular Season,1641705,Victor Wembanyama,SAS,F-C,2.235,106.6,France,22.0,2004-01-04,3,1865.6483333333333,50,14,372,450,431,730,122,350,130,606,199,155,66,197,156
2025-26,Regular Season,1631246,Vince Williams Jr.,UTA,G,1.93,93.0,USA,25.0,2000-08-30,4,819.395,16,24,39,50,48,115,55,177,39,116,166,70,29,16,80
2025-26,Regular Season,1642884,Vladislav Goldin,MIA,C,2.134,113.4,Russia,25.0,2001-05-12,1,23.961666666666666,5,4,1,1,3,4,0,0,3,6,3,3,0,3,5
2025-26,Regular Season,1630249,Vít Krejčí,POR,G,2.032,88.5,Czech Republic,26.0,2000-06-19,5,1392.1,32,33,38,51,64,101,128,328,31,117,100,41,47,18,138
2025-26,Regular Season,1631117,Walker Kessler,UTA,C,2.184,111.1,USA,24.0,2001-07-26,4,153.98,2,3,14,20,20,29,6,8,23,31,15,16,7,9,22
2025-26,Regular Season,1642383,Walter Clayton Jr.,MEM,G,1.93,88.5,USA,23.0,2003-03-06,1,1410.535,17,52,109,121,102,217,75,244,25,114,279,116,44,19,119
2025-26,Regular Season,1628976,Wendell Carter Jr.,ORL,C-F,2.083,122.5,USA,27.0,1999-04-16,8,2288.3516666666665,43,35,198,250,254,411,72,226,162,415,154,100,60,49,267
2025-26,Regular Season,1631111,Wendell Moore Jr.,DET,G,1.956,97.5,USA,24.0,2001-09-18,4,59.555,5,1,2,2,4,6,0,1,1,5,4,1,2,2,3
2025-26,Regular Season,1642954,Will Richard,GSW,G,1.905,93.4,USA,23.0,2002-12-24,1,1376.805,34,35,46,54,91,134,71,212,67,105,93,53,80,9,131
2025-26,Regular Season,1642860,Will Riley,WAS,F,2.057,81.6,USA,20.0,2006-02-10,1,1632.4716666666666,16,58,144,180,193,371,78,247,56,156,146,94,54,9,91
2025-26,Regular Season,1630214,Xavier Tillman,CHA,F,2.032,111.1,USA,27.0,1999-01-12,6,183.87833333333333,21,9,1,4,17,28,3,18,19,24,13,8,9,5,15
2025-26,Regular Season,1642905,Yang Hansen,POR,C,2.159,122.5,China,21.0,2005-06-26,1,299.8933333333333,24,19,28,34,26,58,5,42,20,46,22,32,3,10,43
2025-26,Regular Season,1642949,Yanic Konan Niederhäuser,LAC,C,2.108,109.8,Switzerland,23.0,2003-03-14,1,423.67833333333334,22,19,47,62,63,95,1,5,37,80,12,23,5,30,66
2025-26,Regular Season,1642530,Yuki Kawamura,CHI,G,1.702,72.1,Japan,25.0,2001-05-02,2,209.02,6,12,17,19,6,15,11,37,7,26,47,14,9,0,15
2025-26,Regular Season,1642274,Yves Missi,NOP,C,2.108,106.6,Cameroon,22.0,2004-05-14,2,1297.0366666666666,19,47,57,102,160,293,0,1,183,202,84,54,20,101,113
2025-26,Regular Season,1642258,Zaccharie Risacher,ATL,F,2.032,90.7,France,21.0,2005-04-08,2,1503.2533333333333,39,28,58,90,149,278,95,258,71,186,76,58,59,36,147
2025-26,Regular Season,1628380,Zach Collins,CHI,F-C,2.057,108.9,USA,28.0,1997-11-19,9,183.73666666666668,6,4,14,20,28,43,9,21,16,40,15,10,2,4,18
2025-26,Regular Season,1641744,Zach Edey,MEM,C,2.21,138.3,Canada,24.0,2002-05-14,2,283.8516666666667,7,4,25,32,61,93,1,5,43,79,12,26,7,21,37
2025-26,Regular Season,203897,Zach LaVine,SAC,G,1.956,90.7,USA,31.0,1995-03-10,12,1224.2633333333333,9,30,125,142,163,293,99,254,8,100,89,74,28,10,81
2025-26,Regular Season,1630192,Zeke Nnaji,DEN,F-C,2.083,108.9,USA,25.0,2001-01-09,6,625.9883333333333,38,14,34,44,57,97,14,54,33,103,29,27,17,24,71
2025-26,Regular Season,1630533,Ziaire Williams,BKN,F,2.057,83.9,USA,24.0,2001-09-12,5,1281.2666666666667,13,43,119,140,98,182,86,251,30,104,60,59,76,21,116
2025-26,Regular Season,1629627,Zion Williamson,NOP,F,1.981,128.8,USA,25.0,2000-07-06,7,1841.0633333333333,22,40,333,465,483,803,1,4,125,228,199,126,60,34,141
2025-26,Regular Season,1642389,Zyon Pullin,MIN,G,1.93,93.4,USA,25.0,2001-03-03,2,42.583333333333336,4,1,4,4,8,10,1,3,1,2,9,3,1,0,6
